eec47fab27554d89a4b8594b81222ab517878482.pkl,1
4b9fde4ad939771b6fa8ee6de14c0e2b502db1e7.pkl,0
e9a43a727939b6306cdcfac87676c627891d9671.pkl,1
0be054f5aa2b37dca07daa18b716bc0fca32bed6.pkl,1
6ca683aa03cbf040356c65ac0a33709f8d74e9c4.pkl,0
15bad536a89516d480d60ca760827e0a834c79f3.pkl,0
75e7cf40d3bcab9e7cb9d5b454f385d8ef95c351.pkl,1
44c58fb3df0851648350a5097890ff3053003f24.pkl,1
6399d0f2525a25dac7c04c56f73feaefe14242a0.pkl,1
3e854b6ee3688372fbe267af8f6402c4b9df3704.pkl,0
7cb4dc0a4449e45bb75456ef9003d7a6f562807d.pkl,0
371e6cbd9c585960d10291effa5943cfb844c0aa.pkl,1
3a0566b9485b4dc63f344291995c190466600a45.pkl,1
074f9837328d3fd3537ff7dae2a154ff75141f65.pkl,0
a4e9383d99a61c49d6f0e638d8baf2e2cb5bb4c0.pkl,1
79bcb6aa9369d38efb2889e90bca99e7d07bc28e.pkl,0
91b92ec63aa893460aaee30deb7c0e1f044bcce0.pkl,1
b421067f5bc18c82ec41560c626e682d3ad0cf28.pkl,0
dfd58621fb8a5569379b7476699c1c0cd9997fb6.pkl,1
5402ad5059c7026d0bfd9df142f00ee0027cab4b.pkl,0
17aaffd7dac0408cd6d6894aa1425c81ccbf4505.pkl,0
67b0627fcf2c0aa63b1dac5d608292040e97ab87.pkl,1
6522d87199d2ceda055fb338a73aa567cefed1c7.pkl,1
c8981ded8e5a8a8a06ad00478b45c2541b632771.pkl,1
80b7a1e8753dcaf484a3a1872b12cafa17e76023.pkl,1
84bbd2495c1809fcd19b535d41114e4fb101466c.pkl,0
1d8da444b33c24eb723d02b21c560d7ddf571404.pkl,1
0abc414ea22ee6f0c7aec27d14a79a4fc87b8fff.pkl,1
2c0d8b686107f5b5e9a81b1ce904a89ebf406945.pkl,1
5c228a9befef61a40a17d853079bfafb974efa7b.pkl,1
c016cecb636e9c0f9b9d531e94585b9a266e6586.pkl,1
9aa816ffb331b59ff1a3f7b4375ce2cdceb3a039.pkl,0
2df63367c5f9723dc462d0700cb3181375951280.pkl,0
012811fa4dd3f2523849cd80fc36f493bf2c2508.pkl,1
20bb1427470392b361dec310b91adf327eebeb8c.pkl,0
c298e91250d5df7967a32eacdcae9e9ea42f7314.pkl,1
22f7fec76ce7f81a0b52875c8e3beb38c66e5506.pkl,1
e0628f29cc6fc97329f40f0853c8433e39b39397.pkl,0
bf7daa886d0ed83f5bbed296277d97b66788f293.pkl,1
f815c8ee6f78438eb4171fcac69ec6ae5390d17a.pkl,1
328c97984ec37659fd3efbbeab1cd0796455c0b5.pkl,1
a530c40b485a343c5a89db77d9f2689eff60e811.pkl,0
44828a1a4a28d5b5fc70e59b79a3ea1ce6f49d7d.pkl,1
59f040ddf73429b89e2d634a0868d1a7e24e18a2.pkl,1
805837a594a12cbd503ace5325de100738ed3a23.pkl,1
c19d309974bad56cbe973dc650918fb908edb13c.pkl,1
dc7920c1cac975dd3f578f4b9e8146164b4be20e.pkl,1
1accfceb6bdd63ee7635b3cb9bcc86323261560f.pkl,1
af4efb110e89eb9d82c5628b7151e8a01f433cdf.pkl,0
fe4a7504e72cbc7aedfd79ced73c350bc00b3dc7.pkl,1
c9c9c45b7e97bb7a180064d0a1962429f015686d.pkl,0
1432716f2d1c12a76e1785666eae123f29de2472.pkl,1
8c8cbd5a8bdfea04578125a0ffe4fc08d26d987e.pkl,1
e1ad74f4bdd2b242aeef05d6f1a79749bdd63807.pkl,1
c0126ab221c74b3d4d82975be257dffd9f972134.pkl,1
aa577f934753df241a0660dd44e6b71e68a80791.pkl,1
bc55b60c1d0dcab220d51d546a8334290d0b7d67.pkl,0
19925fbc2b971bb21d9cad1b042f6657d51affca.pkl,1
9e0d3e0c5c92d72332d44701bfc317c15bbd48ad.pkl,1
d2c033f8217fbc7ad139eeec2eb374bfb6e33598.pkl,1
01afa3ab6484307e0f9588a6762d3d8d08b79005.pkl,0
293914e8f59d241f5e0ca57e9755d14ce9e64478.pkl,1
7a4205ccc54b0bde664097e8242882f31b1513b7.pkl,1
d91f39c98e0c4ba743c780d085e9f7628f285383.pkl,0
2d045e67daf5f465bdca8c0d0afd76c48d3f9204.pkl,1
6a1b88355fa07358963ce80246197afc43e895de.pkl,1
50bf53e313731a30399583f70d74af5f1ec54f03.pkl,0
ef5feb1778b630fb8e1f14c7e1cac10c97ca8917.pkl,1
a0c037e9ed26a70dd6ce0f4cba5064d60512781c.pkl,1
7fb8a6ba8e4f81c6757f4d57abb721267f0d9e94.pkl,1
6d6e13498f17cb9bbd2b1ca4cfb845927634c270.pkl,1
9998b7cf9d3f38746b15846f0efb36588105d58b.pkl,1
1b2669e442e5d8a735d142b1d41f893649dc9b22.pkl,1
0f1295c8d9c7864a5b1cd130ddbdfeaa1c500559.pkl,1
42b99d7da633aa4c3b23cceade23dbf41b313342.pkl,0
89c277632e545bbb7f8045d6d40ec586d3e7f767.pkl,1
7eb5bbe2c25876ba709b4504f2043891b52619dd.pkl,0
1a07a4c9842238ddc5b9cc377b88c7fd9034f4a2.pkl,1
d23b6f771d76084f6af3ec25ee395efd43ce6ef6.pkl,1
9b78072bb43f76a086fef78a1eeb57ea3f4cef2a.pkl,0
982c22be8d4fd5185ebe5669634476f003993006.pkl,1
d2c161ce52240b61d632607a2262890327d82502.pkl,1
0ed753243fa5dc0641c3381a54f54932ec289248.pkl,1
644f27e1c9fef79805223edd4c9b7f5557ec5078.pkl,0
c185cb281bfd04551cb22ba9cfddaddc417ca078.pkl,1
bb3ce8a27fcded9cc5a8ba31dd28a8408cb564d8.pkl,1
72f8d9b8713ecbe1e3ee1c10a586e49d0e83041a.pkl,1
f4630cf7892d9eb25ceaf96d0e1e1fa1f78b4930.pkl,0
5d412e89c624c17242f8d5fb049dc555a0b01815.pkl,1
58b9a1083d501f16098f44c60f38a1c9859bad97.pkl,1
0731d22376c3c701f15d1a84ee7f5ac9e45ca3b7.pkl,0
1a69487d8b74fe82141409e269ddc6eaecb70603.pkl,1
06457852f1596e38baac7d8ba1a2052fed413503.pkl,0
dabe8c1e8e55a9b5cdbf2cd2bad578a32e1e04d9.pkl,0
40d49f1a6b6da2b4a5205ae9b8897d38f4acd1d9.pkl,1
4a675c253b4553aab2ecb90fe8d52001334167e7.pkl,1
1c3149390aafd8244b85fd80b0dc06a9a282c612.pkl,0
a5e4d1d6292385858fb5d98bb6757d8967d2d460.pkl,1
bc77f6ee38ff8dce7e6234e3ead81388d28289cc.pkl,0
6c97962c5756c0bb54d1180e32d44e13656a2531.pkl,0
d9791ddda02389b75eb43d10c22c559a607529bb.pkl,1
7d17292416a07bd12f26d675934a2b63c2940619.pkl,0
9efc73b3f3c00f17577eefc39993b2ca3b580fdc.pkl,0
da3785b32673f79b4e2da61d46fc3bf79bf8d2b4.pkl,1
15663a46d338a0789fa67d6b7eb55d40f924faf8.pkl,1
f194ca23a6e266236c77a49f30d68d56c7c57198.pkl,1
724e4ee7337faff1a7bb5754feda944f9d75b6e2.pkl,1
ea243bdda0a003098cfae67d98a07f6aa3b0b217.pkl,0
db1c1b169f415b5ad8f0ac70450e57b2554c324e.pkl,1
a9681f7979a57cb679c340900c348142b3852fac.pkl,0
920beb0112029566389601cc717043f1ecc7d1be.pkl,0
f7f7e02196f75aec6283fb56d5029b9d7444619e.pkl,1
719d804df704aac4c9cab8aed91f44e769645157.pkl,0
bae9a61b5b25979a2189d7add7e64299c7b1ef2c.pkl,1
14529fe0027e3150a3f31d92687ae3f639782c9a.pkl,1
58a3c8e8e025300381d6afef72820065c27e3ba3.pkl,1
425e177eded61c190737181a938079394c2991e5.pkl,1
711f251fe42f707be592bba9c30f39adfe280e22.pkl,1
b0b813011ee3ebd0e8a4c83a457375ec3a4e20ed.pkl,0
056f180a756b4a04805f11ff6d3eb3e25d76f854.pkl,1
dea5960571532f73d886f5dd79b0f7eed6f10582.pkl,0
26a747074db30f442a714a0efb402bedef554c90.pkl,0
24d0b741101d226ef7dc5f5f4becf2d1c53f33f7.pkl,1
0b78603e0464d65c5cbb75ea2f9cf603fed0ed75.pkl,0
a0a73009adc93f9417ef077cb66ca98733017269.pkl,1
da786ad41aafa5db4449600ba176d3e01b00116e.pkl,1
c866b10711b5c30c8f13f903611084ff2af5313d.pkl,0
e030623d131e5191d9c78f370d523de44083c5e6.pkl,1
b552a43701f40f47f2d7408ca1c0fd912e3ed907.pkl,0
f19fa83d0c9a64c56860657c94cc914e4a744789.pkl,0
375e32a870ed66e4e5d0727d42d4566b3ccd3ed8.pkl,0
4589976e4cac1674b7753eb40e0f639cc7e31f04.pkl,1
f7552ae1b94fe3667e212934ab0fcaac922f4051.pkl,0
131a130e6428a8de2b8114398ed3d4da90973297.pkl,0
2a6811197fa1fae3f0766d34bbbe49143ffff080.pkl,1
6c5c49b79e2e2a4fad6bd6305a9a9dd061d29b37.pkl,1
70943421475c06e97392d80f69bef3efb322a6c9.pkl,1
59d1c583ccb9ddcc6a9d9a2238e465594e74f5f0.pkl,0
23d94c6f0d50ac0443895cec61d559be6fb2aabd.pkl,0
ad0402b75f253104d478cff905860ae88e7e35c6.pkl,1
1e20ded61cbe7481a702a861436c895a190aded7.pkl,0
9e4084f21897b99a95aa93231124f49209afaae4.pkl,0
af5e8ff941d303f2f58b14e0490ad6748e5daab5.pkl,1
a2de9583c8a85fce88487e6c38da9fbfdb7f0509.pkl,1
b994938dc163a8b083e2c1d101420d01aa2985c6.pkl,1
62ebaf7d33f1119ab038c482172775c152980fb2.pkl,1
79037bf0d18d9cab1e26af53b7cf5a442efcf3cd.pkl,0
4532807c492ef0c87e829e61d33eb98e8c31c5b6.pkl,1
97607a9a396a93ff3d06887e0798c76518c37da9.pkl,0
611283bfd880c212e6b6b6e9964ce0f004daee53.pkl,0
3e4763b58ea1bfe54493361f7e3b14007fd07490.pkl,0
fecc07c144c85f756b3af1a076feb702f5f91c5b.pkl,1
0b1b0f5ca8dab9a50a9d1d526f26eb077fd2ec53.pkl,0
9886d2417bde388aa00074d2ed648d51833e9910.pkl,1
9d36e55390b377da1f544b99ee2edd1530085646.pkl,0
11634439965f6349d7d6ca41641b258d3cde4183.pkl,1
7970a4d1b633431240d2279e990fc9612eda942d.pkl,1
