a9cbc8271949e06dc66ce31627433619e8fe9df3.pkl,0
61993b626a248aa71b22e6cc5520fe6697f152e8.pkl,0
2cb1d6b244cf15dccb1285ff2bd1b0457b4b343d.pkl,0
2ab9c670250ba8ab57e555b434f1c0fec1c04251.pkl,0
1e563643b7a4e91b52c1f8e50246c5202e06ed9b.pkl,0
43547943a0c129f588d40894a8c5d3f9bc85d284.pkl,0
846e0770cde8b20256b7a15ade57c3d4a5bceb97.pkl,0
e454dfba85dc611f678bd7946a8ae9b513570ae4.pkl,0
2c510dd3a037352f8718d1045b9de139547a6dd1.pkl,0
fce679e182063749bcda04f1cb4c116b673403e1.pkl,0
c9288145baca4e0e3c6cfaad95378916baf23d5f.pkl,0
9aea95304e33d2a3ecb40191e81045182dae0305.pkl,0
9e3f550fc4d40c7b1c378bf324b31c98edad00fa.pkl,0
666ecbae209198751edc635d8db234e006a06536.pkl,0
6a2e283438044fab29c9ce2abbe285399c32126c.pkl,0
f7a1c63d59a71c368be2511283b7728312fbef59.pkl,0
f7928144f60ae8a8cacf6cb6856ab2c371be7f88.pkl,0
08045474d6efd72581b5df2ec05a675d56cee7ab.pkl,0
5028d95f88c06c9615fd0ab76f1f33ba90179cad.pkl,0
44e206148d746bb2740c031c5d83aa7f96c27087.pkl,0
d83602b657de88568a8a7a6935cf317bf4e8af95.pkl,0
056605d3aa69219bd224e97f57b7fbdf75b31dfb.pkl,0
a58b7979df04d2b182298d872f7165dfe6aab528.pkl,0
4238169122ce44e8803493bdce8f26c3088ee10e.pkl,0
07d1c5ff77fc2d98d5171dbc377ca058864a9c3e.pkl,0
ac57302616ac7113531637b8b061ba576f3d89d7.pkl,0
db870c540558bb02ba779ecdf29a4c7df5608587.pkl,0
f49e094bf6208a22d1437ac223054c5688b4fcbb.pkl,0
973c6d27a836f58aa6336e627a002cb460c48dd2.pkl,0
4236e00b1d62213ea3f8a8cf8e726d80aa2523e1.pkl,0
64f10a4903e74f4409fb4ce46f07f699e057c88b.pkl,0
72ae9375672799088fe8ece845cbff6938c03db0.pkl,0
47966f150f8cbd7617bfb010fec132ac728a5b78.pkl,0
3c4207533b46a29e9cad19388f0488d9030d97ff.pkl,0
6c95e8a49d8c1fc4d7aaa70a29b6b94bb2c23c82.pkl,0
048e43237a6ddd1526ff151a7c318860264cb25a.pkl,0
f5de593be80cb51e5f2def22e9c10086138b62af.pkl,0
7ac7dc658d9a0c0b81495720a713bd2f5236b863.pkl,0
17aaffd7dac0408cd6d6894aa1425c81ccbf4505.pkl,0
672ceaaae1c9c2bb230e910bd7dcdad89fae4d6d.pkl,0
fb1a3a62bf1fc098ddb6a5649792368ba49ce907.pkl,0
cdc9e5c57ce7b4634b23dfee4aa064c9eca229ee.pkl,0
3a26361d7a54f29f364d08755cd7e77cbc01d8cb.pkl,0
10f25347d49e0eef1d2df20033b855c902d57bfd.pkl,0
572feadc90478c69578fa169ddb49b7bd3d1d520.pkl,0
8e4a2d54254023aa9d90f9f16ff58c7c152848b3.pkl,0
89f3c09435abb5882d70c4f370c38d1c3fff6964.pkl,0
af2fb06853d51b3ade03ad905c7680827c68cde9.pkl,0
e853b1e61edbc539b878ab1306b836c2ecc9a03b.pkl,0
43f2fc88c5c042ac890b1de3ad9b5903697efff7.pkl,0
367dc77f45eaeb4e7a4f821d4c5be2e278090e97.pkl,0
3c571a3fba581713010fd4fbda71965c21fe5b5a.pkl,0
8d2a9296b7429e51ff533d9ed7927ecbc02f795b.pkl,0
25dd6e0f24f3fae1a6e9f8dedcb8472b23df2872.pkl,0
1bccca8cae7296aa5cb3bcede7f86496121ac7e5.pkl,0
a0d28cffa68ed3662f1623be1c34c9cca4ce9286.pkl,0
b487c437c3cecfb66e171c998e61b19a92111d0f.pkl,0
e5105105a4ebb1defbfdc6efe81621f862843083.pkl,0
e88b3af4a61a606c5f67de895eaa66f02f581f9d.pkl,0
e873ce91823ef931f20c7d1fc9eca59b69cf07b4.pkl,0
f6b930402404c7a042fc8053849f4e39179fddf0.pkl,0
b7a84170c82e11993e89026697890bcaa777d010.pkl,0
f89b93dc32b4dbcdb19e03aa1cb63cfd43e64dfb.pkl,0
ff37a00c8fe21b7d26ff4c4041204e50c23ec2e8.pkl,0
8bdf370d868aa4dc9e37861043ff9513c41e36bc.pkl,0
06989aed556857da7864ba33a58ac43fdad251c1.pkl,0
e9c79c56f0edfe946e63017cf1c7d664e9245c91.pkl,0
f64dca7f771bf05fefb59fa22c6bf2ce8e7f41d0.pkl,0
b585080808f253b1b6b332d320872c81605eac71.pkl,0
050b3158fb692b09c5ce23387f54eeba207187ed.pkl,0
01be0c41fbb1cba6c7dd4f35f2d9f1ca014de95c.pkl,0
3a7ba32152b3b9905b0833098a8b52727c18480e.pkl,0
3a28188ce392001adf3c37bc71d1cc1fc1b77040.pkl,0
1e7bf1247f967d1038a16872f922396c7ffca8eb.pkl,0
587836176b72581e8632976fdec65b4d5d4619bb.pkl,0
b0b08f9b978776d57a1f125ef019c05ad5dc46de.pkl,0
db28e106b8c8058da40ffcd9287cd87a925dae4a.pkl,0
9c39a8f9142db294408dc55b63aca2231ae0255b.pkl,0
786f8a293a99db8ae43ff372b3ca84f865e3bd59.pkl,0
09287e8857c6ce63b7d913a9c1ef0a7499b1cb7f.pkl,0
71a1641ffb0da859af5e355c5bf4a9bcf1746e74.pkl,0
4e7483605c4027381e4796345f0a0e6aa9342a5b.pkl,0
8169a8a280915d381bb49275230f5079b94cca7d.pkl,0
78bda837a0fcc25623b54e95f3eff76c3bd79332.pkl,0
8dd5d89d42f3108255f19d0fedde496523c3b224.pkl,0
34460b0eb74977b98d9d3e683d5ffa2aec11059c.pkl,0
bc55b60c1d0dcab220d51d546a8334290d0b7d67.pkl,0
e851ccddf1fcb0c2fd9cfb4a357f72633452f240.pkl,0
1e20ded61cbe7481a702a861436c895a190aded7.pkl,0
4e2a4c70035808dd8bffaeb6ded8fe2980566e0f.pkl,0
f71426ae5d598f30d23de7b7c56a013ca1f0a211.pkl,0
523c4b9043cd6d722c01215f64173b9287623d76.pkl,0
0f713335d57b9a9cb3e08458984a3d20d6c84763.pkl,0
dc689d3fb31e7cab6a33cd2192d6114542173514.pkl,0
674c3cc407099014f1326a2d11cc00de252f332c.pkl,0
9552115b645c17165bacc2231725b3f8073105a3.pkl,0
6d5a901012233e1a42d1ba1532681fc00aa58d5e.pkl,0
4be27729a906169d2afcf025e10f308fce35056c.pkl,0
0574e3452fd04a9db52b11d8b97cda6e45879bea.pkl,0
2b9ee6b54aa2f709442e7e514335e2548c933318.pkl,0
6ba88d23fb52a997c3b010e50b470c3617eab915.pkl,0
37b04626e282aa6ae2a2dc96117dfc5b0b1f25cc.pkl,0
b0da777cbd55f24dbf1809400166bb091a999ade.pkl,0
b11dcad7c00c2c85354b131c796ae34bbbefdb38.pkl,0
4d78793ea921986d011a024b91ac59d6c02de6e0.pkl,0
4e18ee249a208dbf7d7b52d412fa0d402fd3ff2a.pkl,0
74ee3746c2b24cbb0676dc3a41b3569deb5431dd.pkl,0
b140b32eeb3cb2223efc7c92346e3c4ecf65eb7e.pkl,0
c01068ba1601e5e9c8ebee375affb58624df4b4e.pkl,0
6422fa355184394ace02c0ba88e5b8af3db7fa6c.pkl,0
3b4c2756bfc6c07dd56adfef6efb8fc9b2116ad8.pkl,0
d1ccfdf78919f51b09fbde02c2cf0f332601bd74.pkl,0
1cbb09612b81629ce0193f74f0408bc651a685a5.pkl,0
47ee36529b741f3d52c487e6dad151f516c2eb5a.pkl,0
7ca4e8547dff9122be2cef32e441e3cba9a65c46.pkl,0
31135de80dd7b7c4a27516806fbbb13d871548d9.pkl,0
f3ace539dc1b54bb78b25ce33d16d491ad732267.pkl,0
cef7bba712b25da04f60f597cb614c7e4b87f24e.pkl,0
7cb4dc0a4449e45bb75456ef9003d7a6f562807d.pkl,0
d36c80e460c5dde615ab1c268bd89309225ecb82.pkl,0
af4efb110e89eb9d82c5628b7151e8a01f433cdf.pkl,0
5299af182b7cf08f95fcb3815149d7c54e73187d.pkl,0
519415dd71c1c1cebc7f63fddf4ae4951da4e00b.pkl,0
d3b091bfcaa8506d299cb1d7453fdce7fb27dafe.pkl,0
44e8826b75c143827e03ed31d9ac06e805150e61.pkl,0
5b3c6231c113b726ddd55fd8a8e3ae84b1526820.pkl,0
5196930fffc49ea393a95ab453e59b01a9fa860c.pkl,0
75f0e5f417477d4c491e8ad81f498faf761618a1.pkl,0
1e7a46abeb2cbba94c04001176cd9e0e3c9d4dcc.pkl,0
baf498bac402a29b1330fcd20cfbacbc5d245cf7.pkl,0
40080e226be118c2a0a8f9dd70879467ec09f198.pkl,0
9c54c8079b07326346d02476290a62a6a72baea5.pkl,0
27d231f4d1e2b473f9695daa21b22804db779826.pkl,0
f161f9d8d7b073c1f17f55719c37124969bd7d2a.pkl,0
cf29dae13cb1264c0eb8eecf5bf96cbbdb80ca1e.pkl,0
360221725daa9b7a14460fe6939d54b2173fb8d1.pkl,0
6f6394232d58e77c80c80c2217e4a56f2f034678.pkl,0
b0928429f52028b512dad9c7e0996ee7ade315d3.pkl,0
9e776a385c30361dc51202b47cfe27332eed4e7d.pkl,0
0f62efc276f8832aff675231ff1fc9ac6ade75a2.pkl,0
bc40a388ace65034b96a08e6a9cc3f48def12ac8.pkl,0
0c5561c02850ecd62487212cf754a253aaf6641d.pkl,0
dad6a1c6cced3c9047cb87e2927ae3c671a8fc88.pkl,0
5820cfcebd2ad868c0a727e77c2b675fd915b7d2.pkl,0
4dbc830ba7810ec320f3cf97a14cfa19702ca35f.pkl,0
86227f88c73f461aec94d0d459a732930efa4bdd.pkl,0
0f875d91c1f461bff65ec0a4ddd9d33a1a1869d5.pkl,0
90421972fd977bbde5e3d8a88fb9b6c3fd7f15da.pkl,0
c6679ae169296ea5ca1db2486d9875b2975348e8.pkl,0
ad7d85317dfc4d7cb055ee2d4031fa6d05a56946.pkl,0
dace2a3fa26ce78335acb9b210cfe1b9c7f0e133.pkl,0
d152d1ad3fbdfb13e3c38e621e3859d528904226.pkl,0
433f565ffdf11519df94f11a3c522d8209310243.pkl,0
e9cbdfd83fa7243b480c95a261d72318427caff8.pkl,0
2848fd97721f1a945d78442fadfb2f965d5bb375.pkl,0
58b422644aa5d05318841fdaa09fa8631f609000.pkl,0
9efefb066928504ae86d5446c4c5bf46bfbfc5e6.pkl,0
ff38f1d9b6e78a63df98a2d1bfa154ee782b8bf9.pkl,0
9de0fa22f9563541f20ecc30ab6a2e88caaa1e32.pkl,0
68eb51a01755bb9122bac4003945a9dfc7ca0a56.pkl,0
e2075a4b6a61dc64bf0cf53c8277575998a0e270.pkl,0
80d3f9bcab4cb410f273a3d7621da7868a3a6c95.pkl,0
255685e832c8982efd9ccdd9e80b22292ab5cfcf.pkl,0
4713061b9636741ad6c6f651b5acf5776b7a5940.pkl,0
66630bd4f2c43ab5cdc7aeb290f651d761ffef59.pkl,0
bc1aa5c401f24b452da0d18a0d3ca0d06d446815.pkl,0
913749b8fc0f5f59e3090a692a7ed6f9af3d7997.pkl,0
a748402b7d0ec65565ce8b2f5a51f22dadfb6ff3.pkl,0
f8401676f13fbfae0c372ef65dc41baac14f28f4.pkl,0
3c0abcaa54f564926653560ef0ec8b92d6306a86.pkl,0
ce2b551915d1d6237548e930f5882db448500fdb.pkl,0
0ee19416c509c62a463c50629a47c146bec3cd4c.pkl,0
3ba01e6f7b79ef460d398468ed506d463ebd52e1.pkl,0
12c03efe33a06095799174068872ecefde1ee416.pkl,0
279013125450a330888a9a54d1b615793a9584d0.pkl,0
2a64c10111ae57c2cfd5769d2c53e1c97ae5c25c.pkl,0
340846a211c234d8cd99a99195c5ea129d40ee17.pkl,0
3043fe2f144b8c1a9f8417829c4637f091fe2ca4.pkl,0
4540922bc6598c1a666a3ccf2758d635e9a16cc7.pkl,0
959b59e66cc86eb67528c197e4e082261a2afe29.pkl,0
7df387c54221a332b8ee59de525ef009c5e10f5a.pkl,0
fc053cca9631f4c0454512cd270926d1978addb6.pkl,0
6157ad9f9ea54eef85fbb3bbdfeab6c0c87be005.pkl,0
c6e41e2313ebdfa909c32e79cc45f2e12d0109df.pkl,0
58234d752a828e3674bd99bb4e343bf9a448629f.pkl,0
4fbf005491bba8ef773a6ac89e0609d3aea5b753.pkl,0
47217debdf6d7aa10628e079769c450ff59cbc33.pkl,0
9cc5372e0e0e5f89f8800d91af4becfa1dbb4aa4.pkl,0
b7e3d85d59546ce5ed6087baab8c8098dfc6140d.pkl,0
fb7334440b7dbc068db8da27cfc0dd6c5b0a798e.pkl,0
f18a9061031177aee29f4424a51680b073c8520b.pkl,0
99d75ad372877ce4d99c49d5929d07d39fa9506e.pkl,0
5cdb2af9034298af1d572784c356f577dc5cdf54.pkl,0
1f88693c5832cd8bff76cd23ec6a669b85d1b190.pkl,0
5acd60ca4dfd11033a8d32826149833add93ce37.pkl,0
03c8f208780925df4614d0660b502c11a6805047.pkl,0
53e5a14c8a2b01ecd8b3bd3980a515e8659abdde.pkl,0
f7552ae1b94fe3667e212934ab0fcaac922f4051.pkl,0
ed771334a3dfc2c3b7d2ea87a8ec4048d60e7aea.pkl,0
edb970becd337ff02dc1daff0a10267c181accef.pkl,0
7a1d6d730976cdc8d9148354eb4b1c0cd5489b4e.pkl,0
030cbd94522a2771a478ac374db649b2bf822529.pkl,0
5d43fbc8cce351f94c9945bdfb744531cad02e08.pkl,0
4cf41c517d81e6a8f847c62765e92e8face4ad58.pkl,0
23f47db521bfbf42e6b998940d980bb0a9fa4ec1.pkl,0
ba639d662b6599a08db772aec45a16e7f4162ef8.pkl,0
7d527eb7e5b542bb9e628f15af29b29f13a9dfb2.pkl,0
487d40d8b2466a015bce5d2e8a1e53bb4283134d.pkl,0
5361961ec9af32d5bcc41def52bf818d5f7f06b2.pkl,0
fc903a172778bc71a1d288c04297173fa1eeb41c.pkl,0
40475fa23b064fb3ec2bd62483b35ea895f6a1ad.pkl,0
5f76b8ae28bba82db4277015dd9a507e088d5a17.pkl,0
4f674faa6145d3ae92bea585a8e22fd50e369af9.pkl,0
b21ed54d092615783df04a30716fed3e7fd6a4ec.pkl,0
a9be59433fa29234d89fcab8b9be9ba300f9bee0.pkl,0
20ccb0b7f8ab24ea17c9a7cd93afe6f63a4e1873.pkl,0
27a8fa3e3ac8150ad0543bcd1666d27b8bdc9193.pkl,0
a86f8290fb51ae2ccde9fe89d0d649455ee07c40.pkl,0
6cc3811d2ddfb022c771ffb432a9a3435055cfb1.pkl,0
85615c4f6a8ac9a99649e79c84c87cae6bae80fa.pkl,0
6e3002e32ac8b2f1c29541249fd0c4490d60e38b.pkl,0
974b903bfdad5f11a5995a5b3c44afb0db62c7b4.pkl,0
8cf7d992062dea949437e78001cf7500025641fe.pkl,0
2bc4b110684e465c2b805b7d97ee9e423e83dcf3.pkl,0
78b7bf9c87ff6ab6f949920cc3b1469bf6ee80af.pkl,0
ec08a394fd598a756e8959ef4debd4f954eb5464.pkl,0
238426cb33821c41b214359efb6c8ae4ffc528fd.pkl,0
20399ec3ebc961a0ce903dbedc0ec29dc17d7089.pkl,0
66fc2e5addd62df5fbc9d806abd3cad556a6ade2.pkl,0
b08e1ad07e496c2ff35902ac6a6e8fb045d84907.pkl,0
d0a16865fe0dc42e50d0893a2187531593f48a3f.pkl,0
18145f54ab70b283f35b4aa7436de2a18a6c85bf.pkl,0
244ececb8e535a84e7f1276a78162e65e2152b3e.pkl,0
384e82ea5c82938be70c312a709c71241feb3713.pkl,0
d448df5811de0ce593f0497d501fc7cedaa140b2.pkl,0
a774ecbbf0bd670758d84a35b8198dcd8b27387e.pkl,0
ba18cac45cf08fea9204fd230eabc16d0c5ca5b9.pkl,0
2a912d9d24bc60e6a7b4782b2ae8735e56c5a4bd.pkl,0
1dd455e2dcdc6d55fa2b2c8cb6a03042b7b032b1.pkl,0
68fb8b38a5acacd331072b17d4c83e7228160dc7.pkl,0
d1ac65c091f47dc921f6f47a77858c1e8c785a36.pkl,0
a112eb0546906b269ac746e2337879ab7db6ffb9.pkl,0
f1fad7c85335dd6e3daa2f9a44bfabdd9957df3b.pkl,0
1ef08ce100bb11658f9dcc745855f6b86481bc4c.pkl,0
9415fd85086459fecd3969d5d47111ad2717da86.pkl,0
f2fbe8f2c9f5befa1e4977bee914a7d05752a60e.pkl,0
57e5730c97e0a4501e29a339af202b3242fb89f4.pkl,0
9f1286ff5691d3b703d22b19fb67f560be17a6d6.pkl,0
71d0827e9dc0b77b4002a82d8974710db535ea79.pkl,0
a4bc8568391dd20dcc5935d972810995ad1c7e47.pkl,0
e7f6071eb3bad48ffd9c33e3f70a6fbae811eb15.pkl,0
2c3bee26e517d0d75a340692e9eea97b1b06b7ee.pkl,0
dd2692d215ebb9a95383d9b17f4d6a5ae52c2c8e.pkl,0
af980adf369a16d23de710037864d3bbff595d78.pkl,0
cbe94207005b34bc3a6aca6d9bdcaefeb75eacd8.pkl,0
71c03b1005ba884bc0654eddf0183bb2f017ce5b.pkl,0
9d8443115dcafa6a81c229a8b08eb865e6ba702c.pkl,0
f7f5a6c68329ec80c2524f564e9c2dc23a351e0e.pkl,0
2431245216767dcbcafc55c8172acaeb139acebf.pkl,0
ecf1023e73f3056ef7f137e7a6e1a069f8e983a6.pkl,0
76760c8509613d83940ec8f860048e86325ebbd1.pkl,0
6cee73c3ac0ea6571a0a79b8b031034d09a323f0.pkl,0
bd8bc1ab4dc2626db8a3909a123fb56baf289fb7.pkl,0
5ad7219b96ccd9ac6cac2695d40e8933debae0f0.pkl,0
4f7fa498ff267ea8a776355b8c5c4ede06e2da13.pkl,0
257fb7e1d618b35a8698d86c30691b02a58a5ec2.pkl,0
07141bf3483ffc0b7bb24717d551e8b7c495d4cf.pkl,0
18afe51fb785379a33f67ff13009eb144b63fbc7.pkl,0
f25535c4d63a13a343a27af01904c16fa382e657.pkl,0
7fed397c8d68046f127ff3f1b7e54d9280bafa0f.pkl,0
f656c3efebfd1d180a4ff09c033df1ea20bc7740.pkl,0
dc2e711de413fe0db005633f17234a46a51df18b.pkl,0
a8ebee79cb199489f8d205590ea1b8b8bc9f11f0.pkl,0
51b0da6e728182bd41fc5ff7c6c0bf6ac7dfe6ca.pkl,0
ba6ea76a0033bea6fbcb92c6e2b7297c73c505cd.pkl,0
3762d564d9e81978eab6260d458f4708d0a2b224.pkl,0
da621db41e6708521126f40758603af24e38064d.pkl,0
a77350624e8df91b85cfdd75c61bb6488b50bd5f.pkl,0
8609d4aa27d7406a12995caa1974038892f37248.pkl,0
23d1b27a5622370def36d7fd0dbfe10047369852.pkl,0
f794b8b6c3c3fcc8d71a66078946449127c3d58e.pkl,0
1b139bf2ff4487a49d77c123dfaec5ffbab24607.pkl,0
e74143e7789cb8d18bf373ce3caab4738af3e829.pkl,0
c6185359642db0e62bda0e8d341b046fce364311.pkl,0
d57a0615983644d3cc1fbffbbb0c6a3997d4037e.pkl,0
7ff61afefd95266de5cbb6b6341c055150e75aa1.pkl,0
f97caa835119e53ea0368d958dabf8d922561c85.pkl,0
5b98303ee239205f1e5e4d760540d55b4a98e11b.pkl,0
63aff03f16387349004defb4f23466c76dc53bb1.pkl,0
a8859e9903a458d47b5d2ed47bef2841cb96ace3.pkl,0
88b3a61a0114bafe3856185c78ba671f3e1aeda6.pkl,0
fb1bb73170cba5886f79b398889cf8ffaf770a45.pkl,0
b7e9c7a238bff4b653c2c9c178d2fe8ff203add1.pkl,0
43c4f59dbb6ab4033aae500db343939c2c90624c.pkl,0
6d02477fcd1a9df248bfced83ee2ca1798731ed2.pkl,0
e3aaaa466d96cf3b3224869772de5d01dba226b3.pkl,0
b862f2f73b3b663d79840fb1732aeaf277be0977.pkl,0
84717e1acfdf3f32edfb5163fba6a27b33aade3d.pkl,0
24b4b9870e345a0ed025d5d83f619660e5a0f962.pkl,0
a050a9f02dff050d908ca0ed1c89a6c6111b044e.pkl,0
159ea251637d9db7e726f22e003b2d441b3b5a05.pkl,0
674fc9163164cfdeaf5421085023bcbbaaa7f5a2.pkl,0
ca718f2243d90355b70710ecaae1f33e35aa2bb8.pkl,0
297c9ccbe7d75e574f023cafcead9de7757a026c.pkl,0
78d0cbbc06e26fddae6ae201ba66bb0c67750f08.pkl,0
237299c4c9e1f7bd877be8de5a2181c3d195b62b.pkl,0
065cf264b1cff03b60204443a5578a89473bb628.pkl,0
df38dac8833d1e025959c3f7edd27a6aa6231170.pkl,0
7085f568102563984668280add45f41ee6a03fd8.pkl,0
9c6f82f3be5b573021c5dac93af6bafc9d40a7cb.pkl,0
cc873a6d9e820c71f7d168fe28b200a6770b5c0d.pkl,0
5bb48dce7edf247dc5a1525e180a90cff1273ea1.pkl,0
939e1439d06d982e1767b8f1d49f8618a6125b72.pkl,0
290ac66a797c9f4b73b6130d2e3f553a61d6aedc.pkl,0
f8564b07b32739aaa62178d2c5d07900b0195650.pkl,0
60ba501a3111ffbcfe07ccbae2b35ef5c8856caf.pkl,0
e69df2b05603e8bd20482310be64b20970ecef88.pkl,0
79177610275073113be3ed22d2efca40e7909e04.pkl,0
0474be702c07f57562374c0fe40e5593d72198d0.pkl,0
f3f8f4be8964ccb658a84b6470babdc76540d33d.pkl,0
a240276f6c6ad4b5988d0d3fb771e1701170a368.pkl,0
146ea31945be565472dedbae104e338625239d8c.pkl,0
e7ab89f13b8391796987d9c693d9ab4a2bcefc36.pkl,0
95e88a1142e9ecb6baf2fdbaccd519527b97afb4.pkl,0
f0286ba70685a9fe2c526b6e0dfdd6a589d357f7.pkl,0
22c1bf4d711dee3529062b4e76f0b52ca77e653a.pkl,0
982f655f369b89fb13ec7634ff343c52aa95933c.pkl,0
d0c9ff62c08e75fc74075f1875c8b6ad90268d0c.pkl,0
2448a4bf4eb49af7b658a4af9d32eea6923b5a7e.pkl,0
ce2bf41e6d2eeb64d9c1b01fdf44ecfd4e469da6.pkl,0
0e677ef61413442ea3db0d67ae686314b031de10.pkl,0
53aac209b992262d60fab3ae35eff9924b9dc041.pkl,0
71af60e25cff539c95f0479e656ad29660cf758e.pkl,0
acecba8d51bad5e7262b782b48b817aa6a72e911.pkl,0
5402ad5059c7026d0bfd9df142f00ee0027cab4b.pkl,0
ab913a5d7b29770b044fc81dac24269ccbe02cd3.pkl,0
27dadafc4dd3ef3fe9e4f7f0e1b3cd7df223cebb.pkl,0
b4ebf41e699bc40e243d8ddf6163a1c8e48d4510.pkl,0
e4d2b86863f350f4035934b2fd63b68677c2a816.pkl,0
67b84f5a0d6bc415bcc4412f17c84e8de74b4bf9.pkl,0
36ea720ac337f7e027bf74043b4d386fa1c3b808.pkl,0
dfb000ff06add36358fa004fe3df740568fcc97b.pkl,0
61ca0a9a3a05648227ca354b8dee324538a36e75.pkl,0
feb9bce09ab3498d0753e1116c32235557d15b88.pkl,0
5f25eb3c8d5f8c5fd59fe631c42b61eb4155fe9c.pkl,0
097f57ae1a0ab87188436eb5cdb6457f2265bca2.pkl,0
422592f439eb0c378b157ec5e434b8d0fa00563f.pkl,0
d8e69e0068daba3e9ee6ef9a054b092b05732195.pkl,0
7f299a2bba46e86484d8a7aea9362218c95926b0.pkl,0
2158c54f84baded0c6bca751fc399b4866374d5a.pkl,0
f061551a1f47b0c61acd4305066931552557af8b.pkl,0
848f9eff3337e01f713f05b438620140ec22d45b.pkl,0
0fa6df4c19ae9f6d1f8a21f3708d29b41bd48428.pkl,0
4cdae987f236f84fc141c4dca308ba8a41b74c42.pkl,0
a936217d385ccab99523ad64197aa459a01e3610.pkl,0
cd2700373126762e255c899b161dcc4b54a6845f.pkl,0
890209ba984957a3657e4b66ad5cf4cd3b170174.pkl,0
c14b5dbad9a316d251d4c71fc564353c0df95dfe.pkl,0
bc05a3c90a8c0882cffb33599f64abac43d96b8a.pkl,0
3be29c4d9f181805bc9515313ec8a9085d2cf2e6.pkl,0
6e13eed5a0ffc113eca17ceef93bc6a2900caa86.pkl,0
54a958df1ccbba764be8b7b5c7451be2f21a1ada.pkl,0
bbaafaabdfa0d3ebe7d3fdb7ea5bc27e6ae3b709.pkl,0
7a9d42024a78b0e9afe4736c431c5b84e2ecd292.pkl,0
9a05f9801bab6c677a75a6cc0e16ae23e47bc11b.pkl,0
e6b23cda50d5090568d93ff7e1a0f899c1dcfd64.pkl,0
67e8118164f0dd834d75ecb14bf812583d001f60.pkl,0
7cce7182ce3332b1fbff2019e4719953faa38027.pkl,0
6582e4f1e7013cb6f63a928ea78e8f143ae71f23.pkl,0
b49a811044506660e99c76e525602b4ce83c361c.pkl,0
0d56bb1f49b9219d96b926d74681ae9908211ae5.pkl,0
765f46feef8c4a68415980149f39a3061ca0f0a5.pkl,0
83faeb6e24c7cc999d3ce0714162b48aaa61e2e0.pkl,0
6d346a34319dfc7d5382869b8d7257b221cd38c2.pkl,0
edd2eb0a55e8c744a4893b44a4ab718125f98723.pkl,0
4f70e26f12eb1d0d55bec800691172401344cb5e.pkl,0
188324d7cbe98b6d1f5d11ca52761fba866f3e81.pkl,0
dbabbe9f27b83700f7330a5a809d08be161ea82c.pkl,0
69da4c43910f4f813fd67c34c9b11d851adaf423.pkl,0
0a30e8c7f6ac276d829cc99c206370b6ff559926.pkl,0
1a419802d3654832738ff56c9de07bb691d81e9e.pkl,0
963405006fbef274122323dd0ca57cb9644e0827.pkl,0
c677a01c344ba53ce7f20a1148b5b86fdb7ca11f.pkl,0
00bbdd5480a1354be9f42558ca8c7b08b5f8ce39.pkl,0
0e7f9a571af9650bf81902599d7d613f710a3c6e.pkl,0
d80cd29e75bb718d805809a05168b07dd3b9f969.pkl,0
4775b5e868fd4112cf060c00ac68d70ed6d826a5.pkl,0
1b1dc7b8b9948c68f7ac59b2f424b53be6c8fe04.pkl,0
0e99356a0be037dab687dc4ef5cdb4b850f8762d.pkl,0
e713c4c10a67c416eb1c0e9b1937fb65a9dd133c.pkl,0
2a1523b51ea0c1e6ea293f4c3b2e88a1e63a35c0.pkl,0
0f80b810422181f44fe3fe1ff7a1b9822ae8f85e.pkl,0
e11f0627136afb8090649a25e6223592708937dd.pkl,0
81da0ee64f2c94922974852c0768e28931746040.pkl,0
b552a43701f40f47f2d7408ca1c0fd912e3ed907.pkl,0
9f233842ae96552d87bc28a68374582ac63111ac.pkl,0
a27abb56a58edd443014ba21d11db86997fd34f0.pkl,0
6311fd0102ee674dd2a435b1a677bc24f295ac1e.pkl,0
aff3af4986cc52cf65ff604202469100fb4bd403.pkl,0
078f39dee73a70834a93ffa6a469a2746abd4c2f.pkl,0
3879d9232d98613230d0867066edec69141926f0.pkl,0
bba28079286c22e782d054cd41079c3d2a8bf054.pkl,0
f614672dd8b25985a417ed339a6a6532c9e57800.pkl,0
78413765326533e1b155121abb4968bd07c36bc7.pkl,0
01e7f335e58af5140bc7953518739f43c59f1c98.pkl,0
3877403187dc35eb57cbe9940166e57021b2275b.pkl,0
570911a579cd752ceedbe9b07efc1c8c832cfda9.pkl,0
8dac9af1bec30f93a4aa6650ced1f64dd0791841.pkl,0
af73bc4b90899793525ca472a1b90312c33063e9.pkl,0
cd34862740a30b2f0fd391fa16b082edb79d155b.pkl,0
db2bf000c096a91aca46da5fe35326761c63053f.pkl,0
2530467a4ac64259f08b40fd0780fba83a55a02e.pkl,0
a8f8ba0fe4356b574b14923819b43b3a2af5d8f0.pkl,0
cee7041c9114c4e1de7ab4de338d13f4f663129e.pkl,0
ff56746b65258a165c9c6ddce6d915c15d5eb577.pkl,0
ef6e4e9bddad62afc1d507c99f81d690d6d60308.pkl,0
ce1156cd4b1af147fe173c2650055544bf961e8e.pkl,0
bc3c44a7de797db64a55ce99f973d1885be23b15.pkl,0
b76ec3e3415ed4d5ccfa452e830dae10356e7569.pkl,0
3d2932c980372c4a1dad2c1fcbf01751439aa3df.pkl,0
ee280aa85d8ca2267d4f200b045c428d4323508c.pkl,0
dea5960571532f73d886f5dd79b0f7eed6f10582.pkl,0
421b146fa6b92dbf4534865e1432176dea71a242.pkl,0
4d19164b9cd35aedac712b64ad28f0536d9781ed.pkl,0
4430271cbe1526cc5b56a03fd5a7b038f236d37f.pkl,0
8c2b30f4278aa7a6fe3d75ad2755423133b6a0ab.pkl,0
e0628f29cc6fc97329f40f0853c8433e39b39397.pkl,0
31a9b9e63764fb6b93db05cbcc2158f74c53c61c.pkl,0
d4f12a6420a7f8a0c3b41d0d85ee303bd07832b7.pkl,0
458c58b9f7ba5159cebaa0d407335cde6d8b58b3.pkl,0
50bf53e313731a30399583f70d74af5f1ec54f03.pkl,0
cdb7572f8dadef086fbaa3f0d235daa662a1330e.pkl,0
e8b56a75fbc3fb8066dc71814b8a3420b7c4141a.pkl,0
5ed14aff37ef0c7ced2fd9b1dd36fdea1f4e5375.pkl,0
6fe0bc0875e186145876e58bedb13c4fd741fa02.pkl,0
be4cfb9716c3c69e43c28dad7f5c90c1088fc5f2.pkl,0
83c29f8d14e9c8d384001c93b0d4e12abd14a4b1.pkl,0
26a747074db30f442a714a0efb402bedef554c90.pkl,0
b7dbea19058a277cf6f94487274dca74f7521438.pkl,0
4750614f05957f9d0c3c9eacb0626b1242342537.pkl,0
0876573c8fe8553c6fccadb0d8a748dc54aa646c.pkl,0
3bcac7038a289b41345255bae56638b8351a7c3b.pkl,0
acb22470493fdcb382dd82adabe3af9e2eb0993f.pkl,0
b0b813011ee3ebd0e8a4c83a457375ec3a4e20ed.pkl,0
bc77f6ee38ff8dce7e6234e3ead81388d28289cc.pkl,0
aaefaab3ae2e019b0490d80a1f22f318413f8f12.pkl,0
e6d6b8f4081832219a308e60eeb7e4b6c39843ca.pkl,0
f3012748db14f8e57aabaf08930e0b233a9ecee3.pkl,0
fdd57cf3ccb29aeff7e277225248aea8cbca17ca.pkl,0
f06f0bf4d56ffd831a2eb052e6aecbaf6c5214cf.pkl,0
e44aa4bf1e8707e9007708701007b82f20b77495.pkl,0
158148b70fe1e2ae11b8bfe2781f7c5211e004af.pkl,0
558acda2a1978ea4c6ac4d5fa71e1a81f8224db4.pkl,0
a5a9eb9cad908c0448a140cfa0c9b326d19a6b8d.pkl,0
bc51edaef5d3bdcec3a5094efdc76cb820d4013d.pkl,0
a59aead8a11a42ea36cf2906051b9e51da3dfccc.pkl,0
e8c3aa9736e91a88f62f47356e18e28af577cb55.pkl,0
bcb0b81268a5883f30684d80f9f88338e5a6d5e3.pkl,0
53fb37286a326d3ff1c36fa1af9b28df5df28469.pkl,0
f4828253796dbd28ebf26be2903c7707e0766d63.pkl,0
f6168469971863e54090caeef29e52b558e44afb.pkl,0
b7c4cea15f5a9b0e3d211db6f5c5907d297258b5.pkl,0
1de8891a29e0a53358b8824ce10fbd80b78b4104.pkl,0
89af6abb9df60a9cd36d8034deaee9eb7e4d4dc4.pkl,0
ff8e38f41d3945fa7465fa0d01adebffe51dc0fb.pkl,0
248e36058797cd14a52b74373ef50fd80222f47f.pkl,0
00d676b851f9bdf55616cf7ffcbec6a97cbb45e4.pkl,0
d75b93d3951d8be9e2cee14614070ca1351088b6.pkl,0
1c06c89ca1d307466b7690aa19cdc360f971da7a.pkl,0
d0e120f621144d39e4252fdd6156a89cec841ecf.pkl,0
33fef88e347bd8e4d82efcefa011ff2c89277b43.pkl,0
4e71928f33bd33e3877019d5ad5c86663c88fb83.pkl,0
e23e889b347bc499a04b2b56f455907bcb4e2a5b.pkl,0
eed77c4dba52838af7f6114ab159dcb5fda73d51.pkl,0
7776748eb3a8cf8e33f98b12faf2e41117d319eb.pkl,0
0b1bb411354fe9d1c9e7149774e0a3e4e6dc7f9c.pkl,0
5f4da459c8eb93ff390fea18fc39f6a7cb42d680.pkl,0
ca1f1b1586cddfecf3b6fdef9e0fc03315c7fdc0.pkl,0
b40a569a60f2dbcaa793632d6d0eeab4abe6fa18.pkl,0
a80cdb389be2accbdba5ae443fb3094b7c471a72.pkl,0
09533618420a49502954d1d31e14806e1d1c8c89.pkl,0
d50335b836e59fb23b4a38c50445434e7f45c918.pkl,0
37f8b39c92d5992fffc79abbff849152665a9ac6.pkl,0
805543db4f64bd086cd8094b3123ec4d02756873.pkl,0
5155b9ce04af5fff274696bee27e2ab67a3f742b.pkl,0
169a2a6a6b87f76d588032240cf4fe3e4af878df.pkl,0
0c0a925894420912435eb0845a8822c40681a807.pkl,0
02b8ff1b1b3dc84ad30d1c76f297f1db2c5fe118.pkl,0
d98e07569c69c7024c18e4814a0f290a3ec91fff.pkl,0
03184e724c51ae0cec147ecaad581a8794eb25f0.pkl,0
1171cfafb3e0a825f0de1dc10bea5c7d4b86b890.pkl,0
36a337a226e7a1fb4dce2859af45d1261bcfdb1b.pkl,0
2e4d3aa3e2ab61ba7dd9c1d375626bc06a82384a.pkl,0
0c434e317252d1612c437def870d6dd95bc2f4e3.pkl,0
c86fbc4b2dd20542c9092f24deb11af177ef9b4a.pkl,0
5ac4fab81ffb206f903036fe6eb3517b7ccc2e54.pkl,0
5cba41cb5f5e07cf48c902a270aa8fa6728ec48a.pkl,0
00066ce75e974ea14e7455f46bb37c87d8600e5a.pkl,0
770b06a290ad283265283325dfcbd3f7d15a8c0a.pkl,0
52d7c9d6ca590455c2f8e782409397a531014a0b.pkl,0
1b06c3345e31002ff53d8faa1ae0e376e8fb5b7b.pkl,0
0b78603e0464d65c5cbb75ea2f9cf603fed0ed75.pkl,0
ac7b0adb151827e43f514e9b89074a433f914da6.pkl,0
20c8a600d8450ec6d9523859d4b6acb1ad57fe26.pkl,0
32384aa6ab01ed92ebaa7103f212c3142b5c9109.pkl,0
7889b7d0d52801005ef7283cb13007776335ef39.pkl,0
3bfaf918d531228b13a930010618ff6e1956fbbe.pkl,0
10b1ecee31cdfd9fe834e02c08a6a43d80168f54.pkl,0
12cfd31c3cf1cbdd30bec9183c7e4663ceee3d62.pkl,0
4edbb586bb648b49043492aba999a218e4f098e4.pkl,0
2e42747fad3d8f21b39a5bfc4c3e71f357103ad1.pkl,0
933c14c9fc921635758a963f38ebcb4d32c70cf7.pkl,0
3d9ab8722650629517d3a50e4e7ba8c3f4ccaca4.pkl,0
28d2bf7f0ee8f027c5684f328825fc42ae212dc4.pkl,0
975829db86327112db6d5ab7fcbc6c64b71a8667.pkl,0
ead9f5bd5ca8878b57f518f0ab31e79b6f68d5b0.pkl,0
bf85f400a7f236bfd1c99a41977c00390de9c9fa.pkl,0
fd8fdddb39cc001dee86e28d0770ab55b73b1691.pkl,0
59d1c583ccb9ddcc6a9d9a2238e465594e74f5f0.pkl,0
1d295f441398dd471f58fce631dd45d63f359787.pkl,0
d5b5e0db08d10779159eb38c1f32afda8748fe62.pkl,0
8856d7944eedbbe4ca0479050ef79090a3267598.pkl,0
dfd55668c5dd68d7225dd5ce1405f32877c4c0e7.pkl,0
947a8eed0217035243275d149340a76c362f74ab.pkl,0
b2b8d95ca34a98d44077811b097e3298c1ce1d7a.pkl,0
29ca41825f98c2a2492317183be729413d162974.pkl,0
520fd0adb91a527a94c4d656e635044c2613849b.pkl,0
48dc816a080a6da1f16ef0499a088729a401fb0e.pkl,0
e6becdfc7b4c1dcb1456cae530b7558b2ef6a195.pkl,0
d5cbb20eb1aabd0376235c85f68e347a283593ef.pkl,0
2220f7eea73f6ae5c35cfe8ed553b71d070b1f74.pkl,0
c410279ba6b7c5ece86b4722fa1811d8bd05e6c1.pkl,0
8a7101f52aafddefb035c7c759c5ea530485fba6.pkl,0
c1d2588891efbe857bca58c8c8b248d2d45bc3ef.pkl,0
caf30f087527d37f37fc50d8fee675387579db0b.pkl,0
54090adfd88a56f523399689ae3a8cfcc64bda6d.pkl,0
2adb1955f8ccfef6a42c8e42cfe8c7c3c2ce534a.pkl,0
0e6842c761bcd26da9fdb611a15b6169f284d8f6.pkl,0
12fbaf9e5035e30157edfab6ec8cc58cfaa87d48.pkl,0
06457852f1596e38baac7d8ba1a2052fed413503.pkl,0
d8bbada0ffb06f89e6471b67543385e52266dfe3.pkl,0
41c0ce56c51c13b5fe191c6c47119f2d525b3aa4.pkl,0
03340268af86dfab4e5928b4f5d7370f883b9ff6.pkl,0
ef66685604890acfd7c9b915f10e12d170bb46ee.pkl,0
42b99d7da633aa4c3b23cceade23dbf41b313342.pkl,0
131a130e6428a8de2b8114398ed3d4da90973297.pkl,0
6e22076b12d44fcc37869ea0365df5b8b3cee777.pkl,0
76ae855c726602529adde99ed93a500ba66b7a52.pkl,0
cbb06dc8944deb51a3f0ba4963f05c240f5beb44.pkl,0
8a9de42a80f57760289ac790bd976d19e073e265.pkl,0
05bf107645bdeabcd83ccb9093c3a0900367d73a.pkl,0
a9e870f63b46fade13ea12959e6535fe26870a89.pkl,0
8c8f6755e6954f3a8e14ba1b677ff30a3b5c9f23.pkl,0
a09b0e0728a7965c8a5c8969192ec100a5c5bad3.pkl,0
675ee00089340258bf8bcbda0c9e929fe3929876.pkl,0
2db285166cfcc650bb490911941116a7f20f3b6e.pkl,0
e6f1b67e1dfef73364b7bb6b5c9b65b1c7fc6db4.pkl,0
224ad0b27900c008fa9b104298d3a7f7bf9f7b4f.pkl,0
0351372b7e4d81ecb830e9da867cbc824ccf6a26.pkl,0
48f95e31232da1d351d2d53ba21c9386df699301.pkl,0
a7d0386ba2fc9ae70486afc61a03927b2ee40aaa.pkl,0
7e4ba691e5ab084fca1be24b8c7d19bd1320a662.pkl,0
ba92362d7aaffe462de7ffe395cbfb57f2168e98.pkl,0
07eb278068c88e13d3ab5242665cf2fc4ce05748.pkl,0
7ce4b94151434cbbb0cbab63623c05f6d5c21936.pkl,0
9512de2a464e838ccf4b4b8c71d47440f2e886d3.pkl,0
97638746946896aaf0f68aaf0267f5b00a48ac9d.pkl,0
8b9f95f0e8078cca1047a19709c0976d2a72da68.pkl,0
35a471e32aaca735b9674b8d3d5eb716da0a784c.pkl,0
d2d4ab5472eb78d747efbbfd3f0612885c47e69f.pkl,0
2d229174019b1f650935d3f2be055a69be9f2ea3.pkl,0
0084a3370a6c5e6e3c1dfea8a1124488c8857557.pkl,0
9efc73b3f3c00f17577eefc39993b2ca3b580fdc.pkl,0
72f3ffcd798d9fd9ffcd0fe856c366ea13b53ab0.pkl,0
cc9b2f5c80a0a217fb39d67830c6533ff9059dba.pkl,0
445b06b965ba1aafa4564bda8d1392af18a0dc66.pkl,0
a6c6bbc517b0a6ae6a8cab0097bc92b8b50c1fb7.pkl,0
b82097a1bf4f5c718e89add6974bfde73e8f9963.pkl,0
98b15661d67e0c7eab30c019fb365166a344b069.pkl,0
19c94144c9bae3838b58d043a6850e444f44ae96.pkl,0
3e854b6ee3688372fbe267af8f6402c4b9df3704.pkl,0
2dec4a76f241dc27598000bc4925142269cd17be.pkl,0
6ca683aa03cbf040356c65ac0a33709f8d74e9c4.pkl,0
bd16667516d261828dd9a0c641e8411eb466ea5d.pkl,0
d0799b4ccd1be4ed7ccfd5641cf9015cf3b390c1.pkl,0
af22e51fe1499871108019eeeb33cae6c913fed6.pkl,0
bab45fff1bc5d0bcb52affbe74eace67a37611e0.pkl,0
80cbffff249f3f1e02c274bed8521c9f0944dd44.pkl,0
1e7a758d5dd568342de502e944a515b22d843072.pkl,0
23fe3d00722fe13e42b3312253cd9e8a9e61b8cc.pkl,0
27be7bcca5162d8af901139d22f82a6da5ee3aac.pkl,0
27b03b6ea9618268b2278d02473f616202005d12.pkl,0
659314bc1c6e2b46b4d46904e50feabb31d881ed.pkl,0
02b9feb82572074c8634438db7cbf5c64b9c372f.pkl,0
e494dc1fe5d8c941231312b118909d593799f579.pkl,0
4c262e9d60da68229ab5ff03ee5c54a7abc8d4b4.pkl,0
b2028f9cf45ed11df4cbf5148e2fea077921ea09.pkl,0
8a4174bff56ddbd8d505b8bf853c64ca9d26152e.pkl,0
26ae60ac6479888a3fb56b59381e8c81c845348c.pkl,0
eacff4bc451c7e45e3a19c207cf6d29ffbbf581d.pkl,0
d592b18a3f6c0d8eebd532098e83dfcf428d7727.pkl,0
4780fda397fd78df01437a1805b8a69816b7131e.pkl,0
2b496746193e5ad4d41a9e4eb067f158a7d9919b.pkl,0
3e9219363fc98593e3b8a30ffa9df5e71ce1b439.pkl,0
60082f580f8c8aafb42d91c6cc59e7ec9fbd4fe4.pkl,0
42ac6a4ee94e96e1f97c488d26be8429d077e145.pkl,0
3c0abc12fdd51bf730608af6e4ca34fd9321d8c0.pkl,0
5c546f0b4f037a7359f806cf9c3c402fbddf912e.pkl,0
0c66533e834fcd3c5a22b968c8fcda7d978e2a0a.pkl,0
bf53bc901173062d14f48f035ed61ad87f95a465.pkl,0
7039a2808a29b11581601edf401bb3d482ab83f6.pkl,0
70246d0243b672b1c1e2c81aa155b9020651c7ec.pkl,0
3331ef9ea405778ba35034e8b620f838356b1860.pkl,0
82c66d0dd84e54eb243d2fb614777cb18b17f4ea.pkl,0
70e36a684513ed5f34cc4c08f87160745bf9045e.pkl,0
dde5c39b4a2681ed4302a04e0f1ef6508fed3be9.pkl,0
421e616857628907112ff825e5671c3bf2db8c01.pkl,0
23d94c6f0d50ac0443895cec61d559be6fb2aabd.pkl,0
a9681f7979a57cb679c340900c348142b3852fac.pkl,0
0b1b0f5ca8dab9a50a9d1d526f26eb077fd2ec53.pkl,0
9aa816ffb331b59ff1a3f7b4375ce2cdceb3a039.pkl,0
e615a85215101afadcc58994f7d2b2c524da3884.pkl,0
03d26e7fd14087daccd7e5f8050c5538b45d755b.pkl,0
6e9d70771a6a4855b74b62631590e7e7de558df6.pkl,0
f3148b4f27a99a716299acd6a737234ab534593e.pkl,0
530a40907769bd86eb99cea6a40776f158aa48c9.pkl,0
97607a9a396a93ff3d06887e0798c76518c37da9.pkl,0
ae901465ddd8dc9b417287f5b187f74b21c8d70f.pkl,0
7eb5bbe2c25876ba709b4504f2043891b52619dd.pkl,0
2b2bbc2b9910c8a88a0e112be64f281b149210d4.pkl,0
9505aa85d30ec0f1b6f5a23b2ea3517d6dc2de04.pkl,0
a530c40b485a343c5a89db77d9f2689eff60e811.pkl,0
9e4084f21897b99a95aa93231124f49209afaae4.pkl,0
94fc7ad2542ea5982d1ee36113ddbad0f39b8a8e.pkl,0
073ef2bd2a8e65856e3cbe0a4b41138934659d72.pkl,0
20bb1427470392b361dec310b91adf327eebeb8c.pkl,0
719d804df704aac4c9cab8aed91f44e769645157.pkl,0
4b9fde4ad939771b6fa8ee6de14c0e2b502db1e7.pkl,0
f9d5913e3945d8ce928638a29f829412ff85c3df.pkl,0
dabe8c1e8e55a9b5cdbf2cd2bad578a32e1e04d9.pkl,0
05f6b8810a1b73f7dd98aa3328a8fe689623f801.pkl,0
d91f39c98e0c4ba743c780d085e9f7628f285383.pkl,0
bfb805c385f073544a6b8b40a4e0aa2259230680.pkl,0
14adb57b787410b2a4b69c71c990e7c233cd938d.pkl,0
008e2bb408c13b09f2a273c4fbf7cbd556d5f7cf.pkl,0
b8ac4b70e7d7b32e94ea3c41495b6455038f1dec.pkl,0
ac916bf3d89140f56336d62117eaf274eb80e9f9.pkl,0
c8210e115080d3409212a5dc9610360eb7a2689b.pkl,0
9b78072bb43f76a086fef78a1eeb57ea3f4cef2a.pkl,0
99b2a5455e1a16a801ccf1d49b8e71563b419183.pkl,0
89e809e08accbbb19da3436f4217374b9b25f082.pkl,0
af9e901b5f846ac6ecfaf4363c364f552321fd61.pkl,0
1274c057de550a8d92c2339b1b3a65212e984b3d.pkl,0
daf931d3bfb82d5ec4e7e5bf2ea512d9b6c10bf6.pkl,0
d22bd0cf34e54c8c0ea2aa7627c4af28d1727742.pkl,0
ea243bdda0a003098cfae67d98a07f6aa3b0b217.pkl,0
d7eb7d5229087f539d1977b1d264c62c693e3d96.pkl,0
3015f82d3d9d0858167fda3fe71dbcdce152e1c6.pkl,0
01ecc3764d2e290adf522dc42302f5ce082daebf.pkl,0
644f27e1c9fef79805223edd4c9b7f5557ec5078.pkl,0
28093cd348485dc587b402be62409ba80b695df1.pkl,0
474d323662eac4c5bbcbaf5eb27f9d434f0bc0bd.pkl,0
a28d4d3aa7bf0126ab82b8ff3a34c87992684266.pkl,0
9e1fbafae99693647858959ce7e0818433c9a8b1.pkl,0
12ba968f361e159b9f40329c34efced338d638ba.pkl,0
a3a72924c9d7a406be6409345c7f97ed16cd529b.pkl,0
07e0ecbe16707369fccde253ee309f9f69aee897.pkl,0
5b6bf9f3e6876648aafb168211768b4f6e407651.pkl,0
b664fc52ca2a170e513acc7f93ee09de56f803b5.pkl,0
4cb6682d36b1f5f3e2af03b27f460b315d92fc3c.pkl,0
ddce2c71e8436c7cb73933379fa01d8f9e028163.pkl,0
15bad536a89516d480d60ca760827e0a834c79f3.pkl,0
79bcb6aa9369d38efb2889e90bca99e7d07bc28e.pkl,0
7b43e2ffdaa3e717c711a856236e47621677b4d1.pkl,0
d8815708c9accad88fe335d2e80a7f921229fca6.pkl,0
7685d41618e5669d051b47c484ac1f1ff03b82d1.pkl,0
69cfb8a99a6c2692c82eb69fa69359715fdcd99a.pkl,0
02a887df2f485a19a051af0f3d01dac006dd9a83.pkl,0
d32ba382aa9834927e6be486af54be8265b25b4f.pkl,0
2e031394a6fb686296e89de314e5cb1004586780.pkl,0
c7df49b6a1c400461f9372587253b8974f9ff00d.pkl,0
4b9c987ae054578dc4b25a27cba4ce9cba79e863.pkl,0
bfaea451d987b362736eccf3539b06954ffcca82.pkl,0
d80c44544c01c8ca082b418a935740f138f8f369.pkl,0
75fca9cf680ab0303d867ca185c728413b611cec.pkl,0
2eb9445b52af5585b36f372dccbd3bbc15311b92.pkl,0
10c3df43fea86e86ee3673c424e71ef430cf1a1c.pkl,0
7e9ed0e2f3c5866bd7c60af970040f2e5b34d09f.pkl,0
841c0f6f8803ea6c6e27ec772923156fd8ee2687.pkl,0
7eaaae00f6cb248a781e2caa148c82438f1f22d2.pkl,0
a3830bb08407bb935c7e13347a0e0eb2e8c3aeaa.pkl,0
7a5215bd4d9037c96ca1b95adee50a5e0fa6dea2.pkl,0
b4c269351fbe8b5e43a6e355bc77f5ea976272d2.pkl,0
9c2585670caddc3e3e452250636ea98d79feef82.pkl,0
0f59b56fd37b75f7f20df5a78c429cde8790f550.pkl,0
9b002002e78693becf8f8a09932f6a5093350d37.pkl,0
5cddaee3a7df2f009d0287d2847191f401849307.pkl,0
05431b3904c6c5826febeb9093a0bfc10c86b5fc.pkl,0
f664d3c9e98c2fd3de232218bace368b65f603af.pkl,0
d4b4f881a3a65dbe27a4611cd7f5c5c7cf9edc66.pkl,0
3f400ce63ca49266318165102c8c1c23c458ebf3.pkl,0
88502d1441e8fb2aa50e7a1e7fd8168c5ca4e018.pkl,0
2aa2242e88ba65b4c2f16e56c7bd5d075e4815c6.pkl,0
3409f1f8a95788b07255000f4317149b34a07be5.pkl,0
7e280398c29fcec786338a205142ff31a4befae1.pkl,0
fab26eb07adab421797689da27ad754aa1c31810.pkl,0
9eef83f72a47d40d93fd8a7a8e4faa7520aee629.pkl,0
e48767493cf6a8a3c16dd5e386438d75b90e264d.pkl,0
bb3b86abe12288d46fbce8a8d3a9e7f5fd5c8f74.pkl,0
f19fa83d0c9a64c56860657c94cc914e4a744789.pkl,0
edc40c164c56a98c9a878e6c651135fc1342c19d.pkl,0
0d3224710755ebf1e308f9079090112d13dd4d5f.pkl,0
6de5a51eb2cac47fca07e934ccf9dcf28ad41d8e.pkl,0
3e4763b58ea1bfe54493361f7e3b14007fd07490.pkl,0
5b2861a3da50d05295e0183051f41464e153a44e.pkl,0
93d06817243c963692fcf97d93da8b252900eeb9.pkl,0
6dcb800c3cbd4584dadd454217fbf4ec5682568d.pkl,0
7dc39e29780d2809f238400bc6f18815384e7c40.pkl,0
417eaf90ede31c46062f1acc2b56b852a2c0d485.pkl,0
2b49678612b66c8889623243a5f27f1416006d3f.pkl,0
abbdf5a5e6c437f9753f43644029eef63a11d786.pkl,0
c5e85eb3af34d4add4d0401ebf2b8d5cb1aba6d6.pkl,0
3273a9917756871909ca49cf22fbbfac3e150536.pkl,0
55b0e3378110f91c6b0ea24b341a2f556d85c24e.pkl,0
5a16735d3c9bc37e4efda88ee473776f5df720f2.pkl,0
7eeff7fdb647237928b5519e05d9f6c616b4a455.pkl,0
c0b94495eece707f2c803f65c910241b634b7fc6.pkl,0
6752d3feffce62b30f99764e1688a2d13ee4ce27.pkl,0
0c8aa14d1c05fea2a0f4d6ebac923e101f5c48c3.pkl,0
6554caf49e9b4d6b98e56813f19093666baf9bf8.pkl,0
3288f21ba94703317eac534f51c29260c96c1002.pkl,0
e96aa3599ed23aa4622deabef14011907b8a5dcb.pkl,0
2b59447e1e87a87002040a2a74a900e2c4b26ad8.pkl,0
d4c6ae725e42396b99409c83da25a37816f394bd.pkl,0
3f3eb71401ecde0975835a950ea35d967bd66182.pkl,0
cae67a4c8031500e4e88de5df8cb259487e31dbe.pkl,0
0bc5561a2a3e846befbae9feadd73d9b5db37358.pkl,0
1d289a24d4c5d9a192b8f8d361784046429926d4.pkl,0
2ae2a6b863616b61ccb550fc1a145ae025896de1.pkl,0
5e0219d54524441384b3974dd775ebfad4b046f5.pkl,0
bcbf573aae069f1765fa3ee501cc5ae9060a3746.pkl,0
e779852cdb39d22dfedbe683b8730c2b75a0c5ee.pkl,0
b435a9bbb492025f59c98cf31957ffea502f214f.pkl,0
13bbbbbf882a4df4144b6313bd3833886e875d5d.pkl,0
66112ed19651721dd1090c0b4b6923e125740603.pkl,0
9898b81be758ba6e5b040f87e1091e04f303830f.pkl,0
95df223d1c691b4a00759d16c9f1e787059a051f.pkl,0
aa412052564ee2feead2afd1dc93f5276063faba.pkl,0
d873c17848614504d82e8f8583564e6b4a1122f1.pkl,0
2df63367c5f9723dc462d0700cb3181375951280.pkl,0
bdfa7f3a5484ee04851f539bec34cfe79619d238.pkl,0
b09d55fc5be9e3432fad5220e824433321fbda1b.pkl,0
f054a3317c0853a9aaa57ab07be6d2e1765c8983.pkl,0
edc5dd0a843c7f4915030e860ebe486682002189.pkl,0
ac1db3bd4d353dc2dfb289630777cf4ffaa64f45.pkl,0
7f221426b03c66af41706c673541f6a2ba782b8d.pkl,0
7d17292416a07bd12f26d675934a2b63c2940619.pkl,0
bf009d525cfa5e14f885229fa0d97d49256c4f10.pkl,0
e7ffb3d08e00187a1a7ef5ee3f47ba98c049f31b.pkl,0
68cdf178d1e1c587ba82ae44776e1e3f502ba7aa.pkl,0
0150b346e87e2e127d2de42c534fe39eaca79892.pkl,0
abf618e05336eefd5dc535ee1b89ba6193ff3255.pkl,0
a07f74b2fe19c3230346aa94cd59f2d453a48596.pkl,0
78480468fc403754b7377559234687a3de36a56e.pkl,0
fec73cacf672f44dda0203050a9ef64aa998feca.pkl,0
d385c72a24fd21679970537b7b39afd16e8aa946.pkl,0
b3e4f0cda68d494b75d6de8d78b28f877ac3a3d8.pkl,0
a7816b1d7089a830854ec7ea85cbf18eb055603d.pkl,0
347914764406e02e8f09bdfe937fa778b652517c.pkl,0
9faa9c220312aab27d3f36de01661163b719170a.pkl,0
5f38435e88ec78ec3df9f408bc55c8469be3a776.pkl,0
a6a2247172c1d6e7d09b0053c5d5624cff0a19da.pkl,0
88e144d7511e061a12e9fae44ffca06ac51cc29d.pkl,0
2612177beed08ee57d0d53df8cdf58943e00d431.pkl,0
06aaa2699f81e16753bdae72453a5e38fb8da78a.pkl,0
df8d3dc8ad7341fcb611639db5cb7c01a508dce0.pkl,0
61559e1367c6becba4f2460cd87c3d51003fd92c.pkl,0
a6f5364990b33359d4e51a363856a832a57859e2.pkl,0
e66b00a0d15b77a9de5c8698c0c6838d90d387a7.pkl,0
dbf4f7e5953b6205f4b624abf7f65e0492e6cbff.pkl,0
b70648a7ac3f0c14bf911efd2dd77ba1f87f8c61.pkl,0
418e94c361df1e0d557a6ea5c684127ffa8e7cbc.pkl,0
7be8a0430b84c6b7e4615cd0f9d0ba843d7e0558.pkl,0
84b0506e8f428d4722c5c5a3d05c5e6fa668b8b0.pkl,0
2d346e5af1b48bc8121d5205a0b93e0291886887.pkl,0
727a061c668267aeb81d09b6810b15511e35393f.pkl,0
c1b26a86218824fdbeb85637cdb1b53538699345.pkl,0
cf41b13ed6b664b7810aacf7ad5d10f3f8259420.pkl,0
79037bf0d18d9cab1e26af53b7cf5a442efcf3cd.pkl,0
61b62133d76753312e8420f174b2801b5c8833d9.pkl,0
3b3b1053f6dc7178f05249b3888c3dbc72ee9a10.pkl,0
47422cf48f1fcaee47289b6d3d033039611fdeb0.pkl,0
2f9ab12def5b161508ae658450a409b7a518c4c8.pkl,0
df5e12df17e7b10f5684e0f8c483738e0b0f5378.pkl,0
52da2d02ec88aa51fce5bba790d59cffd4dcf959.pkl,0
2cd2bc854709dfda304cf4d3be34ee4d8a50faba.pkl,0
8b20110a53b32f031b1b4c392e5cf73492291934.pkl,0
bec6ed4f07b5fe2a864701eda9908ce219e94a96.pkl,0
e73f6c149a119aaf551fb4cf48280924e82231bc.pkl,0
7150519f060196f15c214128423714d9f143b664.pkl,0
e17174fd4faf7b792b725411f9964baff655466c.pkl,0
ec5688667b72e34de7e9d51ac3b5855bdb970631.pkl,0
9d36e55390b377da1f544b99ee2edd1530085646.pkl,0
59261b51cf8dc877a0bbb343462b901a09d3e30d.pkl,0
d37ebad5569c60675d9e1ba2b4b20d82d41726b9.pkl,0
94bd8bc4d2e0333bd7bd8480ced754d4067c934a.pkl,0
22210227dca2c3163601b94afecb0a50fb0d72ef.pkl,0
7274f571fe3e9720b43941818b9e307cb51c9fe2.pkl,0
053ee5033feae5d023d93e7ba31f205362897cd4.pkl,0
d7283a56e565e1b882510907deea262c1df8aec9.pkl,0
b3521571e8f1a8f68d52e29561e62e36b507f005.pkl,0
b009b05355e39089370618dcd9600ba07775a9b7.pkl,0
1c680849cfdd799c23b68483c3bc0536e74259c9.pkl,0
68388a12c897bb68e21d4a9c6197a0bbba10751d.pkl,0
dc9a4de824f36351c02b3f0249cc28c7b1523a9e.pkl,0
d988c069f1f2a6fcea0951c3f8249dfd815ef80e.pkl,0
ec2c3ae4240edc09e210bb263f4c323405b9a044.pkl,0
c9be6052f03002564fd306129a8a280dfb093cc4.pkl,0
2a13091b261f2c8e48dae02788aef1c05efc8ce7.pkl,0
e1bc0e01f9ec70a3b3a402b7c04f10798f0d69d0.pkl,0
41431c7b921c5aa6bd23b044ad86c224771b0efd.pkl,0
5be47285ea39a731855f8b3e2ea82d201786ac30.pkl,0
122573819a5e2312caf2718e1977f9d70d735f39.pkl,0
4071ff2d2015db19e4a4488a282d703000077903.pkl,0
18edfe9be6f35d89d62ac1e5f54f5221702d938e.pkl,0
3b694dea8a21ad4ec9787a9bea9ce334530c9f22.pkl,0
02d4ebb3ee148488ad3af86bff5a21f3a62d9f24.pkl,0
e76037aed04ba2147caee0e8850ae96eac7f01da.pkl,0
bae9b31f69f152939bb296b2a3fb42e11ed6ebbf.pkl,0
586b6dbc54e815a67eeba0a00f4c9d34c811fbf6.pkl,0
b2a88f64664804c94b924dffb64b754ace522dd2.pkl,0
2cf56f03b108c8d45db94c21e850b56565003dd4.pkl,0
e2b57ae9b20b2a8c3083eb2363f6050d200ea303.pkl,0
0e18669b0d4a10d2ab29ff59ee0b354bd090d2ff.pkl,0
6dff1c2142615665bb00cfebde98cc5969c6f81c.pkl,0
d297af2d04d2f9f853955d6df7a65e3fb07cf40c.pkl,0
67f5952b070651399ebf668d31ded01a452a4bc8.pkl,0
7419f99b30350470bf0e866c9c03452018947e1d.pkl,0
87615e6c497e848145083a14b25e0b28c2049b1b.pkl,0
29cb51ae05f6f02d3561b0f3b43f9af98d2309af.pkl,0
ab8f93496b65b14ef8c1dfa5f228ada322b2fc2f.pkl,0
49736010c49b824dab6db279bfe2d51864df0c4c.pkl,0
544542bbe000287067aa9924cf6e28f2e5c09dc1.pkl,0
b06091bbd870b24438ca77dae68dd536c1899064.pkl,0
57bb8bc2c176b90af53dac48a0e43d7b9b60cefc.pkl,0
24a518f3247d2da6faa97227fa4651de1f733ff0.pkl,0
4f67a517a2ce8ba6f802dbe26c12cc432090824d.pkl,0
6fe14b695074fcbf4ecdff20b706ca2cf2af38ea.pkl,0
34e8040504037a4cbbb43883188141eb5a33e2b8.pkl,0
9a2f4d0bc39c77396e865b7318afb3e5ee520b35.pkl,0
6772027a6c3a5ed036381bb4f0115f4405ed2728.pkl,0
611283bfd880c212e6b6b6e9964ce0f004daee53.pkl,0
93f12df0108a77b3de33fb16d0146fabc2c961c9.pkl,0
122b1b687e34242d60924d1ea439747b52224172.pkl,0
1c3149390aafd8244b85fd80b0dc06a9a282c612.pkl,0
e1fef4cdbacf80d5a18b80af259fbcf9bb2945ad.pkl,0
dfd1d56defd5a52f8d52d17d8f4fe71402bbff4b.pkl,0
38834a46bd4bb3917871fe87a40fbe3d9eeeb90c.pkl,0
839b5be964c9bb0a836eecae7ff7c9ca4f6ead11.pkl,0
840284b71bb0ad1a90cdb4bc4c8cf49c649cf360.pkl,0
ca21ba774531166d8705f46f2b88daa108646379.pkl,0
e54c089398a5527b22120092313005556fe0d89c.pkl,0
ab4bcf29abd1dfd03de3baddc894d71feff7b3df.pkl,0
c8203a6025f2b72c801791e3c22ab5b2f76ebf52.pkl,0
ed518261e385cb2abc1a7177082bb457ada75d3a.pkl,0
22efdd400736957ba74df8dc00248e6568ca0485.pkl,0
57f48744b03976690fdee1e09de8716980a50232.pkl,0
f032d3d14589e7fe329200f4b5f71e6baa692238.pkl,0
466e492044e184846bb35cb5ebf8a40caba674d0.pkl,0
fc4fb40073811d57c1eab7d4944d42c41078d917.pkl,0
94f5aae089d831379304917cb5e8800af00b2f55.pkl,0
ee7f326553b72330453a45e45aa295036bcc42eb.pkl,0
f4630cf7892d9eb25ceaf96d0e1e1fa1f78b4930.pkl,0
e80a4dfb0c68f43bc45cd3510edd7256ce7eb6f9.pkl,0
ae1e792719dd2812fd6af4c397bc6a0d5778f66d.pkl,0
5a21544c9f83c210d170ccf5cc4b53f6bc53d91c.pkl,0
590f7194f144f994867cbbba4c348cb7b6ef7a00.pkl,0
d165f8e83dc97fb93326d8bb21d550dcf54d6e24.pkl,0
c1e8ddfc64995c0acc48623f30aadb1448bca62f.pkl,0
c9c9c45b7e97bb7a180064d0a1962429f015686d.pkl,0
c55a04a29bdee3d6ca15a4a2e3458294e8551811.pkl,0
53b9a1ad16a5cadce7a40b8566466dff4671c2d3.pkl,0
fbdd10dc295d8721656e5cc0d5fae92bde213f2c.pkl,0
192852493e0de39c1fed9a453bfacd30555ac712.pkl,0
566db5b89af7479f9986fd6822c8ac31ff9c0ba0.pkl,0
c866b10711b5c30c8f13f903611084ff2af5313d.pkl,0
0f67f690647ad2693693e9bf40dc0e846e8bba16.pkl,0
5d2a3716220fe8355c94d9a5f5670f510b581d6b.pkl,0
d35f9cb8ade4b7c4d05248b3bf8449b9ffb77280.pkl,0
07292f83edde6262eb118603bdf995b718949bd2.pkl,0
4c2efc4fe459cbf8d9b7784815169769a221e1df.pkl,0
28b088f967d072e155a4c791c45e3d92ac88b855.pkl,0
08ca050c08682b9d7d0fe6f40119db0571a630f4.pkl,0
6c97962c5756c0bb54d1180e32d44e13656a2531.pkl,0
56e3df7eaebb9242ac39d277bfb14b6c7115bbb3.pkl,0
3860c035dab039bb92c498b6e213324b6d2db608.pkl,0
b421067f5bc18c82ec41560c626e682d3ad0cf28.pkl,0
7069930f518f399dd3f7e0884a0dd6f15c02a26b.pkl,0
34e351a8c4681dd2e170c26fd640b30b48736b97.pkl,0
d512f5b063cc0e40d2fe039eec4cc19127c677fc.pkl,0
abd5db666bf0bccfa08eaab26c1805020da51d78.pkl,0
912aa1b8a083ba9fe5cb586657b4b4fa20ebe184.pkl,0
695aeacb137b921117f214ce23954ba2096995d1.pkl,0
375e32a870ed66e4e5d0727d42d4566b3ccd3ed8.pkl,0
8f5189a73d75aa0ca0080412f581f3542a844ead.pkl,0
4055d9b06ae7215410c034a1361098cf9c7b77c9.pkl,0
f26305973994b35f7f54ca42d5737b43e95d47ac.pkl,0
b7db3e0ccac36d14137d4e395c91f5d932954b4c.pkl,0
4759f3ea76da5eba30b427f0c969b03375a415c4.pkl,0
07ccdf67be5054e0087e55502f3c99ae995c7dd7.pkl,0
b2f80df40b21afe88879fb0f2ff9c488d76f740e.pkl,0
27d954a12f278e11d70dfce7662340e835447900.pkl,0
7b68542dcbdbb2d9f66503f6f2b1d06a149183a5.pkl,0
5904d3db97d17a0995e74f743276be97decb1ec7.pkl,0
9accfdc25bc0ae253d0aadd61d061055c00e08ac.pkl,0
074f9837328d3fd3537ff7dae2a154ff75141f65.pkl,0
23c7b7cc231f9b08ed953a40e35ee6e300cffcb1.pkl,0
d93e3f02cdc1e1e4a0f5a4265f03b65f61fb1876.pkl,0
4af6dcbb9cc933ebe0715b2f61435b1f76d56e77.pkl,0
7fd24bf67db79c5faf93d0ab80dc2931f52389cd.pkl,0
77c4ee4a9158f3edb47da8be16b1d0aa83108367.pkl,0
bd94967d993adb8eb3b6d66a9e2781bfca1e4232.pkl,0
df551f7013932268c8317db7ec409736a8d1d1cd.pkl,0
6b4d67cf24717fa040d1c7242be44b918c0bc797.pkl,0
e1a4a4c0bde01b21b7aac68020730b6aea77b0f7.pkl,0
4d0ee504e3a03c41d627db6026c20904f28e0a54.pkl,0
cd97df72452d70699e1ada62ad3b62b0895990cc.pkl,0
11df9bb25c4e922fd6e6093eda6ce7c19e0b35c2.pkl,0
c105e4bc02722603cd9a2ad121cac9d9ed7c0af5.pkl,0
56c86f9e630267d928a0f206a9673250c8bd5308.pkl,0
734538ada7353ab5e0b9c82c5ff4cfe37d28d168.pkl,0
30bfb5650a106383f3c6d918527cfb4c2480d30d.pkl,0
93450a1ec5d1f9760acfde1b2848965f1ea87d62.pkl,0
0ba77c2453ee150a26c6adfe1d24be1b49f7736a.pkl,0
6f63a0b211d9c9e562ad4d7824eec679dbb49c10.pkl,0
9f962625184ba2c3293fa0f64ef3997c73bd279a.pkl,0
ccafa37690e0d01e5c348f7e928fd353473e8a9b.pkl,0
18ff8fff22855e4cef0153c79e6fa4064f7b98fc.pkl,0
716ab3942f511a770907391ace9d02c0c6ead91b.pkl,0
25453991f510a060720b7739c1c28c000fc32f7e.pkl,0
e74e9752a2f698983d8fd273cae268cd02e7c01e.pkl,0
d993d02fc12f1f59559cc2e97e86a853551bec72.pkl,0
e6beed6c176b1571d320f2d96f78d382417ac8fb.pkl,0
c79a3067daa763f35f6fe60e352f86670f35819d.pkl,0
229e49db3a7fbfa61b32621fc312daac8cac0c29.pkl,0
93e16de3b0d2bd7fbc4ae5e57ac8f09b96bcb3f3.pkl,0
1bdf6c73484dc844386b770510e8e143196fe3d9.pkl,0
c73f83ef3dd8753747b4a40c7992134c8db27066.pkl,0
03cf9f79b9cacda13aeb644a88180222240b6f0c.pkl,0
2cbff16665a8551c134874e1f7a744be13b5b4c7.pkl,0
3126c81dde39f6af0aab072a97ab211928d800da.pkl,0
2672fa4383e384d195b8ba4fd467cb1953497216.pkl,0
b8c0ff65dd5e0f78d805d22e23bdca90c560ef0a.pkl,0
6886842eb538d43894441d6719c7082056981ce3.pkl,0
818c05b94fd956b50b2a765b62331a1cd323b072.pkl,0
448a780a99157f6dd5a83dadf4f95bae957862ce.pkl,0
16e28ad4fa7aed754e2eb61d06cd72c8b02fcba5.pkl,0
80e819ddc32045374419244cbfc3ba8d73f46379.pkl,0
783704f17fb6844b6ca8cf0377871578809e5086.pkl,0
1a168eb388eb225c5166268f28b8d1697a960489.pkl,0
3242d04260513eeb189d081c9372b8a4a31dd06b.pkl,0
7165efb6bc57eafc3ceb91d81b934b07fd4f6e3c.pkl,0
3d0bb5464c72885b0d19eea8e329e3840c1f60df.pkl,0
135b96a9ea35e8eff25c6052ceca2227d9c436cd.pkl,0
1fb4449e41d31e368c3925ce4c2d2acb6bfbf49b.pkl,0
e06738e46183dc0739afcce30e7b24815eb73b5b.pkl,0
3f8268b5a931575c4595e14ea06695ebcfec107e.pkl,0
a9a83e9ecb040ee516788ebfb699383a21b72d0a.pkl,0
74d1f99fab21c98de441f4545fcae9f709be9f8c.pkl,0
8b6ad13177545d880395f46c38d2e0f65e39abae.pkl,0
84bbd2495c1809fcd19b535d41114e4fb101466c.pkl,0
14e24028ec8607c0dbdbcf80851de710c01a5030.pkl,0
931b23a27d5698861e3edb000d66bde58a7fbaa9.pkl,0
eed396af6712a815884bf41b1ad4221e35a4413b.pkl,0
b39163b27bcba837600486488ce8e59815d96ba4.pkl,0
2afb7ba899a4eed184d3953361d15b7321973c5b.pkl,0
7940d5295fc1078b79acdc09318120c550b1caf7.pkl,0
bfdc8b51f3501eba60f8bd7f0897a9da7ad553cd.pkl,0
7390ae8af701dde8dfe0075dcb69f81456321eb1.pkl,0
2de69caa7ff75d3412a45ad69b6b9f2607806d67.pkl,0
8434b6dccd972b24d11d9c886325f452458d8166.pkl,0
24df68574faa0360e0be5d83903dc7882fd066c6.pkl,0
74f6e29c4ad349db2a6576b4575ff3e7ac346fc8.pkl,0
4f328dcac664a9d77339457ff60ac3143cc5a46f.pkl,0
bd505099a79e10e02a1efd77efd1d50a7c01156c.pkl,0
bb21567565b7c733dba96542259cc4dac2ca1720.pkl,0
23ddfb5af8ca0dc2ec8deb936867d632b02cb617.pkl,0
a539e0dbeb419a46a9d2c06bc8e6a4f912137632.pkl,0
01afa3ab6484307e0f9588a6762d3d8d08b79005.pkl,0
920beb0112029566389601cc717043f1ecc7d1be.pkl,0
c52e6be2334913b0bc3b631a6304d9b9cd387c7a.pkl,0
0731d22376c3c701f15d1a84ee7f5ac9e45ca3b7.pkl,0
89941be17336fad7b38709ba069b43abe567dfdf.pkl,0
427cc595265a62719a7e16278cabc2c0be34c295.pkl,0
a1d34b7db431040f54605cdbc474ab157edea1a4.pkl,0
886c7a7ee7b3e0599fd99945fc533f1784f020ea.pkl,0
2ca7f8ff4772bb7c37adbb7b15edc65a8a04d1e5.pkl,0
7b653ef0418b2f043e6f9702f17e1a64b0a9f320.pkl,0
dba1924d1f03b044e4887f998fd924280962b2a0.pkl,0
0aec0c3348ffc096b2662571f7b15f93ff51d00c.pkl,0
982c22be8d4fd5185ebe5669634476f003993006.pkl,1
b275388017005302e4c6d128bdd1c9e1e0ae8b72.pkl,1
69d02acf1619256270e3bcafee0e443ef1380e41.pkl,1
2f7a31257c1d7cff60838d9654d6dce9b239a691.pkl,1
ff77454a29997d71688f8eccd19281a7d303e362.pkl,1
a32c3d4c845c0d97f102fcbff4849993610688f6.pkl,1
a10b755334b4b74f1223f436180ff290eda1812f.pkl,1
fa5b69842fec2435651f12a265152646f4137a61.pkl,1
59609d22c3e0ea1f34d634c2a5d8e8ed496720bb.pkl,1
2b56f4919dee31fd4c8fc2a5ae7757be218528dd.pkl,1
fc64b330de3921f1b6d6554b046a282a567c7123.pkl,1
d5b0d6cbee19690b307cb786ed5a736947f30dec.pkl,1
ae8ce245f7857180cc8bf8431cc244508048fbfb.pkl,1
38bade074ab0956052385ff9673e39541943d264.pkl,1
fce7f2af0a89ad60a7e31bee9bb121e35ab1b8c4.pkl,1
5720b1eaa287a86b33eaf5e87fb046ff11376d44.pkl,1
139ce005ea40e3a1abbc42dc9ae502258840c407.pkl,1
f194ca23a6e266236c77a49f30d68d56c7c57198.pkl,1
2d1ecb07cf840c338dad9874dbfc68e2c96199ad.pkl,1
c19d309974bad56cbe973dc650918fb908edb13c.pkl,1
5bfb1dbcd680aac3cba814b2b452cf4611a57662.pkl,1
94ff02b9f269068e5d050d79bd50b9d501ec2a0a.pkl,1
91ce3f6bbcb37c575229c177b71e0f652844d14c.pkl,1
acd41e9b0ad87fb2bf0fd4d15c741ab4620691e0.pkl,1
2e39bc88584ea7d7f0af67ac82f3f716071b1322.pkl,1
6399d0f2525a25dac7c04c56f73feaefe14242a0.pkl,1
4eb7b8b448d5974193bae091344d03fa2432dc90.pkl,1
83a0993d17dacc6fc5264ba584d6bc0af05a95a1.pkl,1
88aaa1ef322edbbf2c2344bf370e88a85cb67d26.pkl,1
a6b4662d215dd9712040aa867e8a9688fd8e9193.pkl,1
6d3c7a4148113051b97cbe61a388a37a1d16e80b.pkl,1
4a8993883b6296126373073e5639ae0bcc9440da.pkl,1
eed5465a0c1d7ddcf66e125576a4afc9bbe1b3df.pkl,1
b92b4d8442f4afed8bc3060d6f80f1f02abf206f.pkl,1
43f1f759b073525123d7988461f4fa0f0689016a.pkl,1
8afc13efbdfde7c7cdba80f5376a76498bd9e33b.pkl,1
1e375576e068393dd947462dc16b9b8f685a346a.pkl,1
7b3900bf143f15fd38046ba780c03718da72bdd9.pkl,1
9cd688b977b9eb4ebcd0d5bee028e76fc5d75060.pkl,1
b2598c37308e6680b3da233fa19b34a2f8cf03da.pkl,1
68caa68eef091564bd23bd476ef458824d33877a.pkl,1
66ce79af246005a33ed7bfde13a7dfa8b627309d.pkl,1
f1a960bad5940d8ff362c462368737ef42614eeb.pkl,1
c8981ded8e5a8a8a06ad00478b45c2541b632771.pkl,1
cbc5c4586f3f1f117db01a42c374a3af8a3a9608.pkl,1
45851028d5cfc20a631be6bb0d0b12e2150a6c4d.pkl,1
e94c9a88def0ff4ca1ccca42209689b57ea3e29b.pkl,1
5feceb07b4dddb9071fdff216cbda7af76d082fe.pkl,1
38cb411eee9b8c073f1aa76905b5d29b0e373bbd.pkl,1
f84e33f9deb5a96176bf6ded1e5b00fda6d20fea.pkl,1
d2129719c8ee4bc32be0b43087a24dccf7296f6c.pkl,1
091e679078b849b41ea9597d8ed9559f6b8f467c.pkl,1
bcd28d77c7058d1efe9692b34b66e1aa185b329e.pkl,1
852fd99db308b62ee2183a0aa9e6ba3e617453ba.pkl,1
5234a13b3df1f1f8599a87fd9afd18581408c8e8.pkl,1
51d6e8107886c4074c358af337d1f1a926bff425.pkl,1
4aeefc73a9487a5b885bc76e0aafe6f69a99d215.pkl,1
7b558665b340193ca9c934905a250678db4e6402.pkl,1
6a7e1aebeec061bde42cb6ef6837d9ae80e0b60e.pkl,1
1d8da444b33c24eb723d02b21c560d7ddf571404.pkl,1
59473f44bf3f2398c23aaa6f19d07fe1557fb4dd.pkl,1
aa1e87d9caf015d515d1014f22f25dc21ea61d5c.pkl,1
7e27eae1160a2daebed273df30211301dc116495.pkl,1
6e200c3c22aaaae33e2807baf494ebf3a7195462.pkl,1
93358f2b45bd5cd0e52b4c180e6fd3b939af89fa.pkl,1
f7f7e02196f75aec6283fb56d5029b9d7444619e.pkl,1
0242afef061985ede91cb0c4b5d09367c852106c.pkl,1
0549dfdfd52ef75ba66e62b2a27eaf897a7351c6.pkl,1
ecc7ce0aee46fb7bac6f5741033a012c58390cfc.pkl,1
2346710c4cb46e02eca7d99fe7c129b7a7c3b367.pkl,1
64efb6b699935fbce977dc71bb93be0deda7d7d3.pkl,1
addd184fee561322b036ab7f033c45a0f19c4ca9.pkl,1
020f54e8d117d05e44523f37c4c20c51579d3a89.pkl,1
05ff7938b026d22c694ff83022de44a05f9456e3.pkl,1
2f4cb75444e5bad65ca70119014d4b5ae9f0d8fa.pkl,1
87344b269166b8d3d0ae33ab8f1d243bba3ed220.pkl,1
7c7af6ad72ce942fd800b6f6280e7f1192f9f88b.pkl,1
c016cecb636e9c0f9b9d531e94585b9a266e6586.pkl,1
ba2d677360c6367ba459d5a1ea56b119a1c5aaff.pkl,1
56606cc28ac5e7e620261a241b7f17f8c55a73bc.pkl,1
9d89a78e433c1f152ad315a8345a8e9047809333.pkl,1
8970efe57e9f7b25a4ee3cb2eef4556c271d5c06.pkl,1
805837a594a12cbd503ace5325de100738ed3a23.pkl,1
ae55f5ff8002064a8e81ab61e19bcba85524bbf1.pkl,1
436107b99a62cd3b3b009666cba5be6705f9cc7e.pkl,1
acee9229df915a96fa8863b72a8d3591cb4e7fc5.pkl,1
7b4d7fcab4d6e1910ce42951e3e55b418ea95570.pkl,1
f8666af7489d3af0a8fa8003e4f1a612b968b5f7.pkl,1
01033e67c704d4be5f1162018679cf6f19df591a.pkl,1
f623305acf211aa2cc36619bbc3fee9a5bef2da8.pkl,1
a675a552a097214e6d8c6c12e4294b70650e945a.pkl,1
3d5e00226cf53d2261b4dab850bc209f8ffd0019.pkl,1
ca5ab55106981689e49cbc6fb9fd11c17262eefb.pkl,1
9a2a3d33adbc4319f2a20277ec639f4318bbaf9f.pkl,1
4c27440f7e2d6c78514d806b1d4625683004d5ba.pkl,1
ca23282f61e67a4b300f29f867b09815d3799abc.pkl,1
f91a5e2e3401b84664890304a3f7d05bed6b2f0f.pkl,1
7e52ee644f897f18bb9a72ebf1a8e807fbe0b5cf.pkl,1
9ab75574032013179942a5a85124d8d3321e437e.pkl,1
5c24e072e4a2cb6a4b19833c8f712148b1b90643.pkl,1
0fd955a8f8f596a930ace407c0dd1d7da8e214ea.pkl,1
f785a73c501b5be985ec030a1cc040c2b5585c45.pkl,1
488a0b41e94820228e2359ee3d2d5f3b56f01f65.pkl,1
2daf0e6dbe852f3decdd26f9814ea3554e1c7c95.pkl,1
ca3502866465d4b88e016b0cfad21735d2505e9d.pkl,1
bc90d18dd569fc0515eac4a85bf1d1ce0001cfd2.pkl,1
1ad749491ba8b0c24340abca10f497214088e3b4.pkl,1
41173fefc56d702760e8ace306832328c8eeb01f.pkl,1
4532807c492ef0c87e829e61d33eb98e8c31c5b6.pkl,1
b81987e4005cd69345b232ce8de9200518149c00.pkl,1
a56f6ff97961bba728de388b1914b3baad5f797c.pkl,1
069f5e19debf63e57e66e0e3bda92f271b1153d7.pkl,1
a4345b04a07cbcf6e127ff58a4442994cf62fb02.pkl,1
845148f6250fc6cea0377f67c3526fb09f2457bd.pkl,1
15491483900c8f488c5315ff30ad4fbb8c895c60.pkl,1
3226a96da1827337a9ac1aabe7d7953eae8c339d.pkl,1
3dff61ef4b9fe7c5a54057d8848cd627789f3ed0.pkl,1
14316610ddae777915b921b8c2c6274aa895e9eb.pkl,1
d30d87094403bc881297e1fb909176d60a08c803.pkl,1
77427d6e15c4f209a5e646a1873a7aa99e8e329f.pkl,1
40d49f1a6b6da2b4a5205ae9b8897d38f4acd1d9.pkl,1
51b74ef26bbcec77215001b29dd812d716c34eb0.pkl,1
db4f4e002e0f71195e87608d5b6a9c9c6de66d4d.pkl,1
f0f6528728d9eab799736b0912b09100d0f7d1b5.pkl,1
f728ff13d55e65c9717a2b394780bf2a46e8558f.pkl,1
0c11c602518ddd14e09ebaf06a11a16fe631b866.pkl,1
2e1e03ee4023cbdaf39cbb28ce5593a9e52574fc.pkl,1
a587ba726d6f6acd13ec93e33a2b37eeafbadd4d.pkl,1
bd4497b1d3663c7e50c44a2ccf710df2341cfe82.pkl,1
0470b8a92ed26696da9efb748ebf75f6e985413d.pkl,1
9b2d0a9913fa295d400589107910ed5ca2fb02d7.pkl,1
af5e8ff941d303f2f58b14e0490ad6748e5daab5.pkl,1
da786ad41aafa5db4449600ba176d3e01b00116e.pkl,1
196b646b14cb0408c2075907436693cb34dba8ea.pkl,1
ec019f0d4002ff4a342a9b56f988447b4ff3ed3a.pkl,1
078150e1663d4ef3aaa3a5af1828d0c0d51d30b7.pkl,1
ee2a7dee2dd703aea2165ad4a67d92e6ac10c550.pkl,1
a0a73009adc93f9417ef077cb66ca98733017269.pkl,1
85ef0663c3d618a9b8ecabfb662f6e2707886ac3.pkl,1
10b14073d425cedca8715148ce893037f615c530.pkl,1
7970a4d1b633431240d2279e990fc9612eda942d.pkl,1
2d9ea0e2dd46d888e4bd1a4557ed6cc554142689.pkl,1
4d383fc0d0a2e99fe51e0f9e9d891c52c20b3e66.pkl,1
d2c161ce52240b61d632607a2262890327d82502.pkl,1
bd6274ec220f07aa77499ba87ff2e37ca1db831a.pkl,1
8d86ad0afcda8c2fdd11aa2d3a88bad8c4b40b49.pkl,1
19c9c5ff9aec09ffa3f980ac2524dfca0fe3ba4d.pkl,1
bbfa1906187f89d4b9d259e8dc5cb72f6b32035d.pkl,1
4eebdb151fcea6c551266802ecdb631fa3703933.pkl,1
d82d2a08993a466882344d71b35a269a19fb14bf.pkl,1
e0344145379b5c1cc734f1c64d03eb400d84b71e.pkl,1
a2518a073136e5259d59ae97682a495a2baf0f3c.pkl,1
711f251fe42f707be592bba9c30f39adfe280e22.pkl,1
dafb395f65e4e9c9eebeb679471480ea5e43c21a.pkl,1
44ee0367d34126ad03300ca8d63a40048786c293.pkl,1
4a78710b1df26b93263ec0dba2e42ae1655df876.pkl,1
433fbadb7f2ba4e10f0232a4655e128693acb6a5.pkl,1
06ad3f2bb994703b0524cfaea55beccf9a01c982.pkl,1
9f6e4ce08bc6d9733e440ddd8c9e3513a5d8c0c1.pkl,1
869f71a610ee29fb933269ce9271adbff2e931a2.pkl,1
7dbbea688aced3e953cf7880f7052d802d315965.pkl,1
29cf4629f8e8ec458783b7d52f0dab6d64557f5f.pkl,1
efa2add40e50c8b06bbc02157a4dbfba29e63421.pkl,1
69390b18bf1cd7b30a1b452af507c305924653f3.pkl,1
8afb9e6f43fe73ef0f500b5e065748562f304106.pkl,1
7f19896ba52e64b9a9e69f7968af1db631ea5893.pkl,1
02951205a83bc543733dcdb19193e15d18c7b8e0.pkl,1
b3713c6f07b523d2565b1f8ee10e8070203840b8.pkl,1
19050cd76eb7176cde3fd4f6f08f7e213596ef2d.pkl,1
30af9d59be800c557bdebf1ef47a453bc45ddce7.pkl,1
7529561e10ecaecf8ae1395c598fb4c848a93fd7.pkl,1
92e1cedcfc48448f653d4e31e7602cad1e6103e9.pkl,1
f663f555fd12d10cf9c183bac82325885986ddf9.pkl,1
265e6504f0c314fa88b419d5c5da58a3e73ed1d7.pkl,1
575d27dba3307321d2c74cbadb347513f964db55.pkl,1
200b608ecbaefea070005442eea3e8059ccd6edf.pkl,1
b2b808b7f9ae0baa2406eb2fbcffbe184c8f4589.pkl,1
431b1669cdcbe0123675d7ee7839529d2bfc7223.pkl,1
b5e9778540e9178ec8da5b59958c3c30261151ac.pkl,1
f66c6a0724962d75899e7a351eb7ff52a171b617.pkl,1
0c9420e5146818a5bb08c9c933373fcfca4a6cab.pkl,1
6c46ada3d5865c26e01215a652e08d2eec90461e.pkl,1
cf27cac21f3887ddfe608a22fbbe9a980e1a8edf.pkl,1
184f995eb14940cf10f64c9f1e3a23b3bd04e9b0.pkl,1
f954d6c6d9375e178337ebd36cadf0a99eca13b2.pkl,1
669e61eb791b66a5bae00fd4daa8a90c9b2b836b.pkl,1
58b9a1083d501f16098f44c60f38a1c9859bad97.pkl,1
11f729a4465f4b6deb6f834f04dee257eb9dfa39.pkl,1
1c8b6660cd2f4b3bc1331e8c51dc1bf0d7cebc4b.pkl,1
232a8a2388e439a28233d4e46485a4f8f12b8619.pkl,1
6c5c49b79e2e2a4fad6bd6305a9a9dd061d29b37.pkl,1
9933a511fe8e3bf0e3cd70b90cb91db79863a752.pkl,1
85662599aa7f9d4fa178fc5ec82d392b1d5a47ae.pkl,1
b42095af2df7ed8d773fa933383cfd1abd6a2c15.pkl,1
0ccea20591cb163594c979221d26c00b937e03e5.pkl,1
6091d46a35a07cf553812f8aec9121e0f20bed6c.pkl,1
01d630f3739dad533a5ecdb9666aa5f2b110067b.pkl,1
c0126ab221c74b3d4d82975be257dffd9f972134.pkl,1
dbcf7cce482408cb42291158da36cb841685b2b5.pkl,1
21da89ee1f70387c58864bc5c30f8a1bdd13aed5.pkl,1
46bd72cc98dd4ed07b84798a32c034ddfcc372c1.pkl,1
2f0d56214d8f897d137281307680c15c18df7814.pkl,1
5c11d06e2b038359d1f9d98ddeae2ecf8e172cb6.pkl,1
424df6474ed11cc7df8680d7683be45bac22ae7e.pkl,1
45bda200e260f9c6c24f23b7566702b34920712d.pkl,1
d5c6a02c76e566517bbda1577c9b8a9efcd3c7d6.pkl,1
df19357248dc4d13aec5dc40980c7a8e2bbdf27d.pkl,1
95a7157f3135b184614cf11d3ba9285fe5f88197.pkl,1
7e7b50872026e39058a539b3b42d5b5d389ccd06.pkl,1
1ce9729f6b89a7f6bae316c4a494f1a169e0358a.pkl,1
8e6356a41f561aaefdfd809df189f630f5157583.pkl,1
c31321c976a8f56fdc2984025c0ef52434827f50.pkl,1
3a0566b9485b4dc63f344291995c190466600a45.pkl,1
9fa048a35b49d44a5386504a9955cb187b6ad82a.pkl,1
164538a4fbf277e47b680aa7c8dc6140992cfb90.pkl,1
bb3ce8a27fcded9cc5a8ba31dd28a8408cb564d8.pkl,1
1eaf119271a1cab18c6677a997871685c7d2111b.pkl,1
f443dafd61265450f3cb62e7823c229151f82f38.pkl,1
e24db11641ac131193787ad4fd5077128237b25e.pkl,1
c31a872530c6cc85a9a72a61cdbb1aaaa84cd732.pkl,1
012755ab42e051fc10f010b183f58e0019bf8d15.pkl,1
8505e0fe4ff34276aa84dc9df5074fbac9e2878a.pkl,1
95912557491c5100701a92d5ad55be4c0d427670.pkl,1
e0af0063a91e44ca2078496796ab275431d57d81.pkl,1
0a25279e114ebb6789a50f3290b987ae7b2e2210.pkl,1
60d3ab6b694f6a191543a2a7c37f39f2c886972f.pkl,1
24636b1a7bf0dd58e07f4974038dd7328e43193a.pkl,1
06148702c72123a08a3751d25dacfe8857b0b98f.pkl,1
33c84c79f44b9ca68c776bd5009acdf6f9ba28d6.pkl,1
80b7a1e8753dcaf484a3a1872b12cafa17e76023.pkl,1
f7e25362c6f81177ae04a9ffe05122468dff26be.pkl,1
d3f8d0bcce99b9a0331822025a8bdf6cf3913116.pkl,1
58a3c8e8e025300381d6afef72820065c27e3ba3.pkl,1
b9e9acce296536bde00d530b6867409cf7478cab.pkl,1
eabe9254c763b8cce287e676214dfec0cc8d8a6a.pkl,1
5774a43d27b1e2dd528d560ee6aaeab3c8bdfe37.pkl,1
14242ed6f4ca808c42b78632a54ac9079763c158.pkl,1
7a43d35cfade200a9d26fe1b2d587cc18ed05a53.pkl,1
01af8fc388fb7d5d834bf407fae28fae62d4d4d5.pkl,1
eec47fab27554d89a4b8594b81222ab517878482.pkl,1
7504168a068b05026101e8c1a12a71543bbea0e5.pkl,1
1651224cede56dd78009daa97a385d4c107713f0.pkl,1
39d7d9b84f1610f054cb5d1ed251897ac1bce408.pkl,1
2b2f77d1ca4754c62b73c488360345efb1017561.pkl,1
9b6c1595982a1ff2192e881c862ddbc36697f332.pkl,1
40927b70421339a2bbfd5635a11a7b32e527a452.pkl,1
f6fb968590918a1b36a309e33bd855b3703427d6.pkl,1
f227ef9f5c1fee10ab16d57a9f2e88efaf2d4f67.pkl,1
6a0a489108747e0c1c7c5c1ec10784fb711afde5.pkl,1
aa6a3f55dd9ded20523a071af6ca786cada74f61.pkl,1
c7c6929f4150a1ed358e012f9cfbb698ca22fba3.pkl,1
379d27cb90bea7ec6ac3b13f8441b4262d5782ea.pkl,1
dfff49b8f9489ea7b814aeadb2b78be80fa0ccc5.pkl,1
5b2141904cec95b42fefba94bf36d3e933d6d6a3.pkl,1
44828a1a4a28d5b5fc70e59b79a3ea1ce6f49d7d.pkl,1
3efb09e7c09a1781d97d596a09e280daed516e96.pkl,1
9e0d3e0c5c92d72332d44701bfc317c15bbd48ad.pkl,1
22903e39035f0c7223c603e32dc6ddd895e8d926.pkl,1
d23b6f771d76084f6af3ec25ee395efd43ce6ef6.pkl,1
da3785b32673f79b4e2da61d46fc3bf79bf8d2b4.pkl,1
a937fc8f838143695edea115682496cbd6637db0.pkl,1
8ecac8cea9b349520462ffb9758d3aff396be2d9.pkl,1
f737ee1e3fc590c4140e2e17da93278dbba95afa.pkl,1
9318ee12f5f9aca57a6c3a18d4cd4b5d1984a6e2.pkl,1
e8b70833f87c503cdb943c9c3e75f125decb9cc4.pkl,1
4dcae8125ceb796b54b3a7dcbaa25d9743346e7b.pkl,1
6d9ab122c5bf1ef12b80213f5a8dac92b4474edd.pkl,1
6cb518534875a1b7b7269388bafadda1de082bfd.pkl,1
bf629ba88caaa6c74909d2df4c89eba11922b66f.pkl,1
d2b175e031d4c4bdb6ffbc194882ae8c9778742d.pkl,1
a034110fb6a9001c49879e8e73d0d88264f08f6b.pkl,1
0015eff2039713923c4d2ad291a9c7a7d3b1a4f7.pkl,1
0fa7cf98a3fa553c22e6e0458b888fa9b6003eeb.pkl,1
35eaaeb747f47eb54912b5af318051b75113ef5d.pkl,1
b8d83b112fde539d9870e0642c908557892a7e61.pkl,1
ba2d30c89825925ad6a5e1d76a11a8a68c591e51.pkl,1
dc699397a4c072c3e580f365cbb01546cde28c97.pkl,1
d2e5add104ece763d0de4abb0c22129f61852144.pkl,1
c7403bc1c6df0b850c5e9a879b99c8d2e695d620.pkl,1
c5874a4828dc99e4b10b80535a36f06e04368a56.pkl,1
f203a66c8a27e2b9369b1af9f9189eacd41c4d5f.pkl,1
21010e55f039a0c935c079d56737d7241fbf421a.pkl,1
d9791ddda02389b75eb43d10c22c559a607529bb.pkl,1
b72df05223bc77a6b79070b9731d40b6ffef1784.pkl,1
617b48ff7d7075d8ad043cd5f876eaa43fd9eef6.pkl,1
45e94c5336499fea028962b0173698703f45bf81.pkl,1
e1d6738e69c43c992030e43f8ca959a8070be4d8.pkl,1
1accfceb6bdd63ee7635b3cb9bcc86323261560f.pkl,1
795ffd1568b8789f31bf761d1b00127331905e87.pkl,1
4de163b3913efd8180470a05a22abd296e03c2f6.pkl,1
a45b7610b27de1efaf3dafd08f69d58b3894f67c.pkl,1
3c4b19adb146eeb65e2affc12b4d02b906bd0c5f.pkl,1
a925c4adf981e81ca138cf1007ee04f7cf1a8160.pkl,1
001af844119ed232241072bdc3ee305a84e4e1c7.pkl,1
76f11ab552efc9c36f75dd484a63ce94a51577f0.pkl,1
405f8612efbfd935e9b39b1e3ad46accd769c1d8.pkl,1
7257150e6a6b88de13efa8341deba9bfb9c38ef5.pkl,1
32f010b79674bc05185da560482c764a90204426.pkl,1
4589976e4cac1674b7753eb40e0f639cc7e31f04.pkl,1
08ea6876626971e0d3b2b429938f627d22bebe26.pkl,1
9d0a7813f0b5869c0366774661ffa92dd606d989.pkl,1
0f1295c8d9c7864a5b1cd130ddbdfeaa1c500559.pkl,1
57f98371b67225f26f7e27e36c9ddf9e862c5b8b.pkl,1
a3af360be33ab048f2727e14b5ead7cbc72cd443.pkl,1
5bd466038a0d7a4e43ac7742f7b4ab34c86cedf7.pkl,1
bb5b8dc28c440f9ef6fbb31c4e67cdf8ced30f55.pkl,1
ad0402b75f253104d478cff905860ae88e7e35c6.pkl,1
293914e8f59d241f5e0ca57e9755d14ce9e64478.pkl,1
831483d4234e3288ca60eacc5e6d03c82f6aa8c6.pkl,1
14529fe0027e3150a3f31d92687ae3f639782c9a.pkl,1
720fe064b14fc2ae31a82c336edffe7be3672e17.pkl,1
c98d8c78794af20e0a19f100fda955b6b08fcc1e.pkl,1
ec5abd7f7a4cedff15d4b8d5b9cc15b305b60e63.pkl,1
5a61846454502f4491086f4ed9a159fc05f86d92.pkl,1
71aae91c5282e8cc0f0eb46db6b44a5873d9fe24.pkl,1
6af7252e8d8417d6a4b6f428ae4e6eb4786de5c1.pkl,1
c729ba35f9e6eb69dc5535e7dfa464c1c47dbf9a.pkl,1
707c27c96770e22cf77c95bcf8ced8116dc08b31.pkl,1
9a43e05b9c3443ce669e6bc0eeeb0a0d04a60064.pkl,1
71208d6d1bdb4ed9cb307350663437a5c89bf8b4.pkl,1
a8ef311edc82e3954fe78904c4b040e64851965f.pkl,1
4f9aa59319baa60be686a8308973009e11391b60.pkl,1
02384d34774ddd3c26d7a8fcba4ec8a258b2dcf3.pkl,1
775d77c6ed72827b99a9a95e8a0a7b0a8bb1ac0c.pkl,1
4984f80e0bbdf7cc557bb3e42c5841e1809f748b.pkl,1
996cf76cec9e5ffb70465d5157d6063083658ba0.pkl,1
968d06b01d8f9a44d1b13d81e5a642445874278f.pkl,1
2e2239944b9090017845c75c8afd7a071a1547d5.pkl,1
bfd7728af88a0b3527b3cb02769ea63d14c9cb5a.pkl,1
f4c4609808ee532295537e42df02adda302f96c8.pkl,1
54f1bd88dafb0c471d80b75647733d574e95148b.pkl,1
157e8a7a7ec392130cdc0fcd1992feb8c10289e9.pkl,1
1373ddd3b04abd8f5a9995df802102ea4aae3803.pkl,1
5a1a34c4e140dbcc9cea08c42439e96b21b3976e.pkl,1
ca59887a91a071305aa9a6fbf1a3ef174288d065.pkl,1
9c7d5f056fd6d6490c8f6e9a2654e937d3599a88.pkl,1
44947d13ab125ed2ce8328664c02c3ea27c4abe9.pkl,1
3e11b8c0dc8294a7f0d1982d64ef11e2e2175e16.pkl,1
ee60675864c8375d9ea35cb12fe115f2ee9ae52e.pkl,1
69f87db35fe453c001bce11dfdd880abb357ca08.pkl,1
bf62fa39be8ffb847eaa89f657f10f1f5710e30f.pkl,1
03f2590fc7d97d4312311d9a185123920ab96c9f.pkl,1
b94c610494f20020678c019c3e229c34aa69fc9f.pkl,1
9fd46b75af1e9a418f1e3e9a9950855896e0287f.pkl,1
e09d626baa762262bd2cae6343d9805c89ba24c3.pkl,1
8287167d4e6ad5e0dce66825c09a066b7f09697b.pkl,1
ec9d32c8c5896101778aaf0a7eea67e758a05d6e.pkl,1
5c228a9befef61a40a17d853079bfafb974efa7b.pkl,1
74bb29a455303cbc8de7810117b3e8ab7bd1083e.pkl,1
76f3ca0a0f02224b1bb5292fa3fd6b18ad7793e0.pkl,1
ca563224d4845c36ab4e971c6b815403e303d97b.pkl,1
16c331cc2ed4ff32b5ea66f94b27e19e650f8683.pkl,1
a3149edbb2cfd7d08dbaa6754331a317b68e46e7.pkl,1
2419de896e2ec1d7c8322a62265289e69e3f4072.pkl,1
a17665306570308244d0c8641a114bb8ecc7690d.pkl,1
ebadc668091605e6290a02081dd664f776d76ba9.pkl,1
8f02f89ada1a4353ef4158cb3a6223bf84c3dc88.pkl,1
e661e769ba2e20a1b60ad860b0a940ee71c19ac0.pkl,1
aa577f934753df241a0660dd44e6b71e68a80791.pkl,1
e81e165e9faf55bbe643b87285e8f3c6fb474402.pkl,1
c185cb281bfd04551cb22ba9cfddaddc417ca078.pkl,1
741e66e21af6cd2fa11e3f4980c60c7c3634b14b.pkl,1
3d27522992345a92d96d9cfdd227bd3bd8f13082.pkl,1
2fb330e13de22200186c18b39ec8e829f239f91e.pkl,1
3d99670b1f400a18db47021a42cb78fcb085f8ff.pkl,1
4defea2a70d55bcdce9b85f0be13254c9a072c41.pkl,1
9ab2f4d1d9237cc18dc8d03c431ba35d364d5658.pkl,1
770959f6467641b4b2ba797905e11bf97b8b883f.pkl,1
a5e4d1d6292385858fb5d98bb6757d8967d2d460.pkl,1
1cc8baceaa5e7e08931171cf5724a86863bf02df.pkl,1
ca04ab59d38fc60fc2b50930633ca933563c63c3.pkl,1
2e20981814b4433006fcf644e8ef38718b7314c3.pkl,1
ddea3fa2976b6ff0de22c0ba3f7200589e073260.pkl,1
1c8e1ed18561f44e2cacf818e0caaf381244bc43.pkl,1
bc7fcbfd186ec8ea3f7d3e9f15794be521c90027.pkl,1
573b56f18799cde9d77f6ae71725c6c906b0f8d6.pkl,1
bf7daa886d0ed83f5bbed296277d97b66788f293.pkl,1
5ff7e2bb457c05fca6b56dd82723069e0858ce2c.pkl,1
4d8e1bc407c5e245b8505993fc8e17de8b822289.pkl,1
b5fcf57f2e2e3e2e31f5944b478593d7a9771803.pkl,1
40e9a3c330daa3fbb83ca3058dcfde569a2054e7.pkl,1
1c27753afce34aaebaea9c7d9e177bbde26b4cfe.pkl,1
a03cca2f61d26325a96cdc1c106aa77fbcd40416.pkl,1
3608e191b7219c87ca8bc160ec7d27abdbd6edaf.pkl,1
66885252a583dbc07acbe9a1a66e34173845a5b5.pkl,1
3019ff9ee2fe12819721c9101dcda86e83efa0c2.pkl,1
e1ad74f4bdd2b242aeef05d6f1a79749bdd63807.pkl,1
3ad41c1ebaf8d2eefa59fa2e961f0ff9b1bcf07b.pkl,1
c2b61a1386dbe026859a91379339e6811b5879b8.pkl,1
e895ed2f87a062c2e0623219cac5030d1e190a70.pkl,1
169721cc69fc2447844ee1cca7225a6210633169.pkl,1
1c40feb21b0a9d6400aab0d67493258874993640.pkl,1
b72e60c628ce61b760b4279f2fee76c526225448.pkl,1
2cee2c0e2db9dd96fe9359de296244dc2e309c9c.pkl,1
1b7c8197f2cdad848111d726b383cf220d824c3f.pkl,1
da18251a2639eebfcbca237880d938d9908d1bf9.pkl,1
d6e8f961ab749570764ef0db5d686c28291718bc.pkl,1
c7d68a8594689061b8740db249b728009e3edbb2.pkl,1
9db693d844eea631f4f1c17f2659c2fbd2011659.pkl,1
c740c57ed98d36d0bcea6f89b8784de3f32dcd24.pkl,1
5370a34ad14bd55ddcba6c9276bfc31e0ab00e96.pkl,1
e160df17dbcbe31105b93d4f031df222e82b57fc.pkl,1
df9b9028561730f618d1bb8f0473f95e78b99ec5.pkl,1
cd0a0a36b6ce898c2d014e6513c52356c54929c4.pkl,1
df575a9d27ac4ee5a0641c8efae591bcde7c2ddb.pkl,1
e7f21b7360afb73e9d41d90bec86fec945365b95.pkl,1
0e79c8cc8a192be5e5c4626038832297e06e31d7.pkl,1
2821443eddd1e4bbba3a26c8f77f4e2febdf9d9d.pkl,1
6b4a3ecf596eb4feb98cd2c5faeba7c6c9a829f0.pkl,1
06fb12cbeffc98cdc94754ddcc64631d427d880b.pkl,1
4baede3da6b64e94948fc388d5419da04d090f79.pkl,1
2ebf1366f6821bf07d8f1db595978003f8f0b08b.pkl,1
e510ed5188347b0721f807663058c260d4fba6bd.pkl,1
b3e7c0da81dd05fca35eb5d630e799a3648a3ca2.pkl,1
cb05e4e77b44561d1b9379e04718a8874dd3d2a0.pkl,1
9ec5d53350d015c740b57011b72f8d273808696e.pkl,1
1b2669e442e5d8a735d142b1d41f893649dc9b22.pkl,1
b7fe50841bb63ffdc0785e4822c26210ef75d182.pkl,1
5a9d78923c37dcc0e1c0495943d907fc8cc78f31.pkl,1
767e70bc76cb34678f7bfe127b2884072d65f32e.pkl,1
fbc4267069643ed391e2e7fdae9259a87d667d89.pkl,1
47435dd7d99c17e29c4e0320b828d1b71f025b71.pkl,1
67b0627fcf2c0aa63b1dac5d608292040e97ab87.pkl,1
6a1b88355fa07358963ce80246197afc43e895de.pkl,1
1c0b9f568085d6e2bdd81634457111f0c286d64f.pkl,1
8f88b968a6ee314bcd2a116a89585e8d0f3673bd.pkl,1
2bb2e03b6c0e740fbe751d168e63d529de968efc.pkl,1
5bb63a8393fd9b66f058ad9bf71fcce9f135a963.pkl,1
00ba6992a8703e34aa5ac1c6b46e971a504513b5.pkl,1
b994938dc163a8b083e2c1d101420d01aa2985c6.pkl,1
724e4ee7337faff1a7bb5754feda944f9d75b6e2.pkl,1
49467cd83c7ebf78d9d01fc5a3b837d642b67101.pkl,1
425e177eded61c190737181a938079394c2991e5.pkl,1
088419831fadf2211dac742aa25284831e9a20fb.pkl,1
f0f85ace60f5b0a64ea92c68262e4723a1e3ffd6.pkl,1
1174dad8bd31e56eaefa9b1ea674f323afb2eb02.pkl,1
dfd58621fb8a5569379b7476699c1c0cd9997fb6.pkl,1
4287ca9b169977e449d8387e5444a835aa9d854a.pkl,1
108475c81524c225f108256907ed583c488fd997.pkl,1
113d1eae2be990184e94ab7f2b9a02b78dba8f82.pkl,1
9a51a74068ba1b7a049e628c65b16be0196a1b47.pkl,1
e6146f13e37d6c324e7323c7ec38c36de27eeeff.pkl,1
f9ef68e5ebbf7eb6e830a99d7bcf1c42eb820a35.pkl,1
91b92ec63aa893460aaee30deb7c0e1f044bcce0.pkl,1
5fad2357a796faf470a044fdc3a184fdea5ab2d0.pkl,1
8e50d78413fda665dad7754a5eaee4d022bd7b3a.pkl,1
899ca310082ab7cac5ccdf4818bd560a77c02d05.pkl,1
9886d2417bde388aa00074d2ed648d51833e9910.pkl,1
0498ff9c23e72bde10427fc59e1a4668fd6f60de.pkl,1
b71921e6d293c6a5cb924c22b6f5a526d9e280a4.pkl,1
fb03fa5dcfd3f2f7cc58e08a6f4c4f41b6134ce1.pkl,1
e5f35f163dc2002d739ee54956370820e9829bee.pkl,1
0be054f5aa2b37dca07daa18b716bc0fca32bed6.pkl,1
a2de9583c8a85fce88487e6c38da9fbfdb7f0509.pkl,1
75ac2549814bf3ecd6c999d4b78c240a3508712a.pkl,1
b10ef0cabee072ad01d1876b819e1041c90f7036.pkl,1
e1e9d602682f04a95683f547798c05bce1bfce2e.pkl,1
0f4f1d55ae4c51f88432d299ac5d68483e07a95d.pkl,1
9c00a50439f195af14c399b3152f87a85577275a.pkl,1
481a47fdaea70c4955b5bb1c76d4be456581e302.pkl,1
ccd563597f40bc65e26a9e401a468614a614a764.pkl,1
db5e322168aa7856de5eb0df6dbe098bfce100ce.pkl,1
79603082f8c2f71b77d33c40c09d0f85cd0b6366.pkl,1
e754e0be8c5994298cb74a6af8d223d98f8f63e0.pkl,1
87be328da259da2e27f91a533a1663194d242f42.pkl,1
e3c9e260265afa3d014cbd48748c251222d24441.pkl,1
d55acd0fced6b1b738c655518a7e58f9ab9318a8.pkl,1
15663a46d338a0789fa67d6b7eb55d40f924faf8.pkl,1
db60b3e8f16c2ea24ab442b90bc60257b89b23a8.pkl,1
efdfd6086b8347f8813e88c1e6beccd7a3c32276.pkl,1
683a75ce041b40e18eabbd56d1d060b06d2c7991.pkl,1
71d38a5c661f5dc2d30a8fc09144fe8091ebe8e5.pkl,1
05469619d0a9b0a0196ff73148d99b5136b2f5c8.pkl,1
3894d960438ed3c0568f90a2f0e7a314044b60c7.pkl,1
693b442fecf4b45a75d23cbdc82cdee5d70f322c.pkl,1
d982ea5b6c3ab71a1c5f1963343dbffa2828bf5d.pkl,1
efcb98c23cd14e1b78d43d7027ce0ea40ce991ca.pkl,1
426caa086439ee23c9c28c864cf3e7aabcd582ff.pkl,1
594519ccc125b30538d25b885def030aa3e65304.pkl,1
f3be44a93911fc604a4b921a800b5a686444adbe.pkl,1
5c921c6d2673b43da88e46aa677fd3d53b40cda6.pkl,1
bf0130ef385c6f548690acadecc46a6691f7825a.pkl,1
cec0305b02502335c00df22ab0cd9e78cd4bc366.pkl,1
c64bb3d0dba23e9b76c9900a69597a1a2903797b.pkl,1
addc9461b68098639fd6b87b78020f90d0947ef1.pkl,1
2d045e67daf5f465bdca8c0d0afd76c48d3f9204.pkl,1
b765982ac82690966e00dae28bb53b17bc533a31.pkl,1
ed16ee62c31c2cdd59a7db8648048dc0afc13541.pkl,1
89c277632e545bbb7f8045d6d40ec586d3e7f767.pkl,1
4ee5b77ac0370e063c4ea6f114c708cbecc61c4a.pkl,1
e13c1a5ae402cd9ce34beaa7f5b8a7f342084620.pkl,1
aef3bb0df94f79e5a099e98132e60bf132508001.pkl,1
da25c0fa36bf77d4d5218b282b9e128457c51562.pkl,1
9fa175ddc53f5dd0b0cfe96a97bf54140782991b.pkl,1
62c312a165adb6c0de78e8627fb15aa52d0c743e.pkl,1
b0d4827e803724d634560cd5065345dbf305b426.pkl,1
03feec237d229d609fe705ee9b8f7be116dc98a3.pkl,1
dc7920c1cac975dd3f578f4b9e8146164b4be20e.pkl,1
36916a62d9bc0228d8db3f8269adca04ad8def87.pkl,1
ac0d6f4c5407f869bc427e4aad2425f17f3fb9b2.pkl,1
29ba5c6008efd42bc74793981b4602b8f8069e01.pkl,1
7ae3e3003cac383d3e093f7b0f82c8f85dd015b7.pkl,1
6d926ce604b0de056736d2269b75758e7fe41457.pkl,1
ab38466ca9ab6788e20070798d6d3ce5cfd85a77.pkl,1
1aed341c2e4d5a9432546cae71d55b7de048e3ed.pkl,1
9233b19f6abc88a30bcd6c411325a303541f707d.pkl,1
52e285db93918ef2cf13ac393e2d4ac64297ccc7.pkl,1
fa5e107b48f10ba76c60de9ffd03e9807ae9bc1d.pkl,1
96d3536fafe9f3830edebd722aab2a696e6859c0.pkl,1
749bf62a45d030f87b8c3482274b82d743a5cb34.pkl,1
109396dce13f71f954b76f8da73719227e9bd187.pkl,1
0b0215ead8ffcf328371f9df51325d66a939881a.pkl,1
107269076f4a301672326a5d95a972e7c5086315.pkl,1
117fb5f501f455dbf7a3a51b204031bed62460c8.pkl,1
28f0fa1044b46853e5380281bfef8fe23945fd01.pkl,1
e8d000daf7d65d3ecc98b867361fb5bb141dd72d.pkl,1
8a87b24a89bedeb62d33795808ecd4c17c5f6531.pkl,1
0abc414ea22ee6f0c7aec27d14a79a4fc87b8fff.pkl,1
2a6811197fa1fae3f0766d34bbbe49143ffff080.pkl,1
4474c591edeaba256fa11f9acc9172f93a8f82f2.pkl,1
a584cbfcebb9360d7c4eeb25fed5d34add5933c2.pkl,1
911e58591f97dab3446ffe1b616d41fbcc065574.pkl,1
6398b383a36b28c9b0e502ebb88b851b8cf34041.pkl,1
5b1c20e873175636385c28fc4c549b306cbf6ec3.pkl,1
dbd4243e2e29826a5ca08ff06ff9679d6f89a0ab.pkl,1
56bec41a105ed666632e6214221d0d6f4e65cb4d.pkl,1
137ea602dedde4a9b802ab5033f60d5b70cbc5a4.pkl,1
ab133603ff389cc5758e7979c4c09f51acf6c273.pkl,1
33cd03418bc34e08865975050fc2a8cbaf96b85d.pkl,1
6d6e13498f17cb9bbd2b1ca4cfb845927634c270.pkl,1
945e1fa93084e0ab8a6aab7e35c88204a9da9f78.pkl,1
3961b749267b9e7f7d72c7159aae5f995a9e366e.pkl,1
96c6333a8bce1cbad8f305da353423cca198a98c.pkl,1
e63fd5270e556876e72d9b24fec15ac3a23932d0.pkl,1
75e7cf40d3bcab9e7cb9d5b454f385d8ef95c351.pkl,1
cfe25e1efa9b97c0f8bea0b9feb14b75c15f0040.pkl,1
4efdd9e54a689564d4ae7b77f0360aed757c0f1a.pkl,1
fe33b8c4681771da55e54751bef8553814d3b6f5.pkl,1
28ead0f69171f441e9e32e858e2e028f547e541a.pkl,1
14c0d68d50512ef481184e82c345d3597d74dc0f.pkl,1
a988f7fbf687f05a135828239519407b785e7b80.pkl,1
612da951cb540bd787dbc4f4c44994fe5133ecc7.pkl,1
8af237b22b03ed91aece6fb0f245b7c4a462a767.pkl,1
8a1ee75cca16223953116f737886aef5bc6463da.pkl,1
a4e9383d99a61c49d6f0e638d8baf2e2cb5bb4c0.pkl,1
52da291a71b2980fec153a8b495a6a6573a4f08f.pkl,1
916b54174f89ae4b9f0723730eae37ba4389d3a8.pkl,1
49f1cc8484d8cc8d1ba1ea7ec5700847317430b4.pkl,1
6e48f1968378cde7f48c871fd5f0b546e8be9c08.pkl,1
a858f45b7f1ebb54b2750b501958ee4481b52cfa.pkl,1
ef5feb1778b630fb8e1f14c7e1cac10c97ca8917.pkl,1
0e058f608504ff47779852e11684f37509a5ae5b.pkl,1
0e52a97ed1dbc145b0e787c04512ce3d23f9de57.pkl,1
132f51c75e5afa94b6a3663f68d03baa188f40f5.pkl,1
c658519f4b84250a575512acd9f0cd75594bfda5.pkl,1
d663362c831a11702d80ffb1b6d904b9a34989ae.pkl,1
1c507b4f718da6d1b2070999e61fcc8cc5e89abe.pkl,1
84d1f5b2c8d3d352e0d9c9831b3234b1e57e10c0.pkl,1
8215d659e7420beb5ca98b95e141635b63e5a622.pkl,1
ce4678196d67651de8639043181f49672a21bd5c.pkl,1
04f059b8bc00ebb43f27558db1b5ab7697bfefb7.pkl,1
d82dcba3006aaba4670d468ca43d122fcb00860f.pkl,1
c5ae3244005198d544eee7e258118d85df1410c1.pkl,1
04b441664901ceea7bba71e1d2552794607da06a.pkl,1
e900d58fc46642a5555c58287f1df4c6ff64662e.pkl,1
aaa26b503a144b4ec8d430143ce09796c578731a.pkl,1
bbff570da9978c9a9ea18a5f3d4720822b43434e.pkl,1
bc762b2f4821605f605be3089afcf2ea1f4a96be.pkl,1
97cb618ef32a7768c8190d5093168ebf40c805e3.pkl,1
395bdee234e02dbe586525d8d984eaf1d7a70e9f.pkl,1
0c652f350a9c69523407388d804ea6c1e299c698.pkl,1
3035bc14bf77000ff791d703b15b65c816d8fea5.pkl,1
284dd48a3a299e52a5d893c26956106e8294a2e6.pkl,1
4fc6a22530b713c5327c14c61be26029e90956eb.pkl,1
2da588220b64685538e5837c0f7a0329560857b7.pkl,1
8833bd2642843e77c8b3f298c5fb77537bb96ffe.pkl,1
4a675c253b4553aab2ecb90fe8d52001334167e7.pkl,1
e2facf196bc3cd2f4c05f1f6b9fd2f7f42aa4598.pkl,1
f33f1554dd2f8fb0cbba67e4ee8e52b97dc31a6a.pkl,1
a31a47a4c0e25a4072ed9da1a4cd6ca83228f61a.pkl,1
7a4275487700ea0ac9dd27825905f1799e637eec.pkl,1
d5118eeade199c019a72aad106e7acf8990714b0.pkl,1
62c50e2f85b70ccb7786a9ccc416a4b5f4656dbe.pkl,1
aeb56c6e07b738ccf7a9e6e80f105ea18b069478.pkl,1
6d7936faec8c7d0ff97727babd5103166db420ac.pkl,1
f70a60507bcf6f868388df79aa6894a992a9a328.pkl,1
cd16e63ef653e09e2f50183ea55392d5434e6781.pkl,1
4d9edf677ffd6ca4bde7fd09b61d83b50d5a0e77.pkl,1
1b9c7abedf7af776e144be8e88cb00b9543fb4bb.pkl,1
7d05dac0e341690edbe0499e94fca8b3fbffca30.pkl,1
f2b43876c540b16a343733c106315f55000416ae.pkl,1
ff532a37aca0633c3be79a23f3132a1a15d08f63.pkl,1
cbd05af4c5f3c134e19e0a7f292c063734259e3e.pkl,1
dc44582ffac8f5ec76a38708d10d8dca38b12801.pkl,1
f935ff7d42cc7d87f187b28c4e4e167cb083ba68.pkl,1
404d6054b05257319b8d0629a9a555452566d772.pkl,1
56c3cb5b400e128e9dcfec9b8f8856d60ad0f938.pkl,1
5d412e89c624c17242f8d5fb049dc555a0b01815.pkl,1
594d10ba41028efa162289ea6b8753c0132ac222.pkl,1
5b3603287bd7bdf4ef34426e9e7c663f16511cf9.pkl,1
e57ec590db738c97bb6a4d2abd4cd709a91e3099.pkl,1
c2a6118c68bb524bbbc2931dae760068cd0363c4.pkl,1
e0ff7e07de701f7c03e397871936a89fddcb5bd6.pkl,1
fd5831091d9dc400b2b828ce11bf1d507e6520a8.pkl,1
558258a9e1ebe7a1605f9de1e04fdf6ecb1f00e8.pkl,1
3ee0c7336cbdc5918993da0ac49b75ea7c7eda19.pkl,1
d3acad89d02851012ddfd45e817730fb76740dd0.pkl,1
0279c077f206577124afc0e95a1b5ab43ba0f681.pkl,1
107fd66c73199ff6c595ae2b6872cccc9bcae279.pkl,1
8c8cbd5a8bdfea04578125a0ffe4fc08d26d987e.pkl,1
ff85b8bb1eb42633ef7283a33b25f8137ff71056.pkl,1
1dc8ba20bdda44da96326360bdb39c279cd314b2.pkl,1
507c5b3097159641d0c8da5135eb2aa7d88228dc.pkl,1
40868e1c1b1d26565b714739dd434e7c8fdb05b0.pkl,1
ed6befaea40539d91c3907f7a4ca5f2a3eab88d8.pkl,1
88b3b91427110a081c1c18bde6a30af6a21cf43b.pkl,1
350cf1151588fcf39218f91b0204a7a869c389bf.pkl,1
e34ff597bd974101af2810e8eae5500077006a99.pkl,1
a9f6a8e55ca9dd6f47a02d405d920f3f7fdf54bf.pkl,1
c5a027279f318069ce38e6dbb00a93d1b2ad57ad.pkl,1
0d71a09b6bee97408223a6a96bdc4ceccef8a0a7.pkl,1
44c58fb3df0851648350a5097890ff3053003f24.pkl,1
73a8896128266768d0d584aca89fd698183baf9e.pkl,1
7e58717379e07efd0b322caf3127a943367f55f8.pkl,1
1cad7d735d478a22d87618bcc35d1fe4034060c4.pkl,1
98e318afa5187b8e6ad0a7044fd79fb5083ec270.pkl,1
c8a5c5030a2bbf6b29c64bdee95137e8484d6968.pkl,1
83a67069d6a4ad12a471f0e8d10852f920d3e067.pkl,1
abce193bde0d0faaa13412c0b883802cb0f1d5c2.pkl,1
0b42fb24bea9b8f6d392514bd649cac6886f5d61.pkl,1
302b2d0e824ae16f3f2e1b38b13cedf1519c0834.pkl,1
5d3a3b73f2f4860e6852fb4c65bf1a5837b83011.pkl,1
52f978bc34f2bab2c29a4f436b0b015e86624636.pkl,1
1192b9ae03202a87197d8aa92bedcc21cedb07fa.pkl,1
18b58783d81f128b0fac4cd5f5249b1a075ee8ff.pkl,1
3103cdbf3bdb32b24ebe99b9523deea0f2fbf4ab.pkl,1
cc4e2c38bc5b85d13cdbb9c42befd7f8d729af82.pkl,1
5e9828755e0effb89c19a3f36d30082679851cc9.pkl,1
f6aba82cf1e92b5fa8455afd3dad2499e46e72f6.pkl,1
fbc4523f1d3ed539f99a80366eea78fe461fef17.pkl,1
7a4205ccc54b0bde664097e8242882f31b1513b7.pkl,1
4538adf8029ab575588dbbcb70a58c800311bd24.pkl,1
fb8eb8f3a368cd1dfb71b0c1438ba736110684ed.pkl,1
484968734b4c7f7ad643135dc381c3c335d4b5f9.pkl,1
dc94f5accf6539da1756a0a36b895054848daaed.pkl,1
9d0816a2d8ba92d27044817ab800ae9b9da4b728.pkl,1
b4738192be37902ae6186164e4f4cfc4a951302f.pkl,1
1140c216b4f516e239490500d19b371a1c2b609f.pkl,1
bf20dff752a50911e3048a65ad467486e45b8937.pkl,1
e594c5c7eb4f6f937cfb077eef4ce2d18598984a.pkl,1
a1245f9e584b64fed873bdcc625ace3c44e5bdc1.pkl,1
e9a43a727939b6306cdcfac87676c627891d9671.pkl,1
1f1b5848609b0213d344afaa4181f0cf9d65cb62.pkl,1
fca6af5712ea3b4771e1b25d8156490797d85847.pkl,1
3dd836bcec8a13e8655f25f4dc8edf613c12aeb9.pkl,1
dfb6f0f038aa812f0f405c81b86bf9b37edc9b25.pkl,1
0480b176330bb1732881bc998165d1e8b1048647.pkl,1
02ec6a777586a8edf2bde8f7e2c4ddd7a4dc241f.pkl,1
889b3a58083a26171eb7f3538a4535137e670b97.pkl,1
24d0b741101d226ef7dc5f5f4becf2d1c53f33f7.pkl,1
1f75b18c596c4a905f67f51707decd6d487ae180.pkl,1
66ffa03fbbd8099d0517ecddae12c01edc77af87.pkl,1
425cd6a1ea421a06e3f2ed9439cfcbc9b9008db6.pkl,1
e62616cda0c75d4a0a4231d5c9bab53e2e4afe1d.pkl,1
70943421475c06e97392d80f69bef3efb322a6c9.pkl,1
73a6e0e0d990d9620399c1fc23f204d614d6dc48.pkl,1
03cfa477761a0a17fcdbeb1a0b7d5733ca528f19.pkl,1
ee36306b7985c91eb993377a3c1f8e10144c5fe6.pkl,1
d8aad272d8c932f5dff6aaa66ab75b2427354c02.pkl,1
276da846150ea2ea7f0235af2a4a8f6fc4477b6a.pkl,1
a0b42e56828d5bf97421384ac62a016e47f9c90d.pkl,1
3d12b0a08a350c467ca6bcd23f195c14666c4400.pkl,1
010aeed72f708550d13fbb2fab93c5fd9a1074e2.pkl,1
a758506189ecba16a260bcb98f60aa8d931db6c4.pkl,1
0d6f788cefca948b62affb29ebd169247a03d36a.pkl,1
d0614e6b01580900152cefbb82cb1ad57d3eb905.pkl,1
1a07a4c9842238ddc5b9cc377b88c7fd9034f4a2.pkl,1
9b8a60c058a54f81b9e792aa87751d0aa187afbc.pkl,1
d8644894177a735ed60934b63dd3ed0d2a7a930d.pkl,1
32d131d2f0ee39a248abecd5755c52055cf39b8a.pkl,1
65f5f70279df62b906a7f3e9e959688ba5e24129.pkl,1
bb12acfce550971916ec9c85fe6ca418f231eaff.pkl,1
1bab10926f13d477aa03d1098f5b719ab4e57b16.pkl,1
787e0ba856e81fc1fb4a5ff4dee725b1cb70cc4c.pkl,1
b4375f6f8e1bedec5388649ce8d80a1aa0210a6e.pkl,1
4b32e2b354dcef1cfe14c99ad261a1c64cfa1546.pkl,1
a83fa3b9b7babdccc96455e48ddf6cc4bf8ef746.pkl,1
a5e4f6f0eeb9c968e5c16ad6a97a213dfb924fa5.pkl,1
ff0215b86b066ad7eae387c2eb2b9eeb8564d7c2.pkl,1
ad99bc341f7f131443effca68acb2c9831eaa224.pkl,1
2b21c5cf1b87347409bb5230fbaa4973808b23ba.pkl,1
7be1fd1553b704c3457bc8836f1d52f7f8fe8350.pkl,1
78567387c0521d4fa8d4552b50e9ee6bb787d129.pkl,1
0bdbe13a220ff67cec3b19ef934fbc461be13fa4.pkl,1
4e617f51b5cbe16bec998e66dade055ebe0524f8.pkl,1
f25bbd6c9d937cd45c8b7c2d253d9ca79fde3e79.pkl,1
8e434fb4ab07828bb1c192ae51675f4f9160c645.pkl,1
84f3f3fa858d4e58079cec1ee962a2f7f78ca983.pkl,1
9cf54879a98331de1cf52d163fa38bf139a4f442.pkl,1
c3ffcd8e817a84fe59c9edb9304e82ff1aba1e26.pkl,1
9be788add5f0f087e8014cf438fc0b56f7b70518.pkl,1
85aba5a8e26393e390568831189bd103058842ef.pkl,1
884cd3e62c71d2a1e48ebe2dda8181d2f527e1c0.pkl,1
e2f8bda8401e412bfb14c16b1e65d9e820f4c8b2.pkl,1
74c44a50cdb76e7578eea0e8c761f95631e488a1.pkl,1
e04b420456ff42176b40bb044890326e300efc4a.pkl,1
328c97984ec37659fd3efbbeab1cd0796455c0b5.pkl,1
b076591d3f49780626b889e1330d9e73b6c5ec00.pkl,1
ccd0152f02c43f2f2da694b338c8783ee90e34d1.pkl,1
bae9a61b5b25979a2189d7add7e64299c7b1ef2c.pkl,1
72c7dd48ff42d5e10fdea6ceed322f1638aadb35.pkl,1
77d23adefb338acbe26ff6fd6970c796d927eac9.pkl,1
34aa735fc710f1c6a7838067d10362a989546eba.pkl,1
59f040ddf73429b89e2d634a0868d1a7e24e18a2.pkl,1
5f06fa7f5aa529f4a6772af5de8a485a3c925a78.pkl,1
1a69487d8b74fe82141409e269ddc6eaecb70603.pkl,1
2c0d8b686107f5b5e9a81b1ce904a89ebf406945.pkl,1
d1b56a26a61cd63b27680f2fe967a8b812258ce6.pkl,1
ae396a939aeeeddfde2f86297a3d65bc1fb76039.pkl,1
a0de77b0d1b6649f9006d088ef25958d0c7917cb.pkl,1
3d65b34ace5499bcf3d4ebf02964efb44ed5d138.pkl,1
9acffcc2673cb25df8a60757461a6201aa8066c5.pkl,1
b4be2d16df6a504ff19b2708c02ac8f10d0c75c4.pkl,1
171be6c0bd71f82416f2c78ef095f17e653aad4c.pkl,1
9bb6fe41b853d17fcff5d04d74f5e3bb964a1bdb.pkl,1
80f54a262de3adc6dcf3d6a3b63a16b71b4580a2.pkl,1
52e765ddc1be70d2863a80b089eeb71eb3cde198.pkl,1
ef53a66d7d59f1d1caa1f4e6fff6eac120e31db9.pkl,1
77a4ca795abe5fdbbdfa590e320841459ce2b496.pkl,1
083d82237ee237935a8ba22cb1bab0574bc66aee.pkl,1
c490d7d0e7187a03c295c7adc2a7e0d3847a2170.pkl,1
2f44cc4fcf8fcf832b6502e657a72be73e9bdca5.pkl,1
069237f9afc85d21f10370c777d4401a8effce13.pkl,1
73a2b36c3614df8b39c8f1b896a65bef36bd9f6f.pkl,1
836bfba0720fec3fa9d5541f0cf68a9462c1960e.pkl,1
0937e50eb6ecbb896268d0ecc2c4f489a0ad940c.pkl,1
ed26ae736dcd9483cafd7d39f2fbfe4a180a0bd2.pkl,1
7d69d32938abecb5f6a395dfd43b47637fa68f1f.pkl,1
c553e409ad600e796cf53f15ccb686f22bd32198.pkl,1
0e69ae266b3fbb054bb21f862fa4f8982ebd8708.pkl,1
2837708063dbfccf19e7d17c85b20b6d5d3d15a0.pkl,1
9fdfcac10e1d2c46f006f338e9b4047c7ea80f80.pkl,1
f0ae52832b204ebade5b702bb18a283956a71725.pkl,1
56099931f2a461c976e2b51b01e999dd1cab75a0.pkl,1
ad66ebf9cd72111ccdf46c91fa1c9d8175cf36da.pkl,1
d81425a31826458c4b56b96b4e87e44b4c2bdcaf.pkl,1
92fb042b52a0781110cd32eb959e2f5da1e36102.pkl,1
e9a32de97643cfdc8f0faf490c66b5ca2f3db281.pkl,1
b3ffbc75c42176010b72bf9c4b287e05a3d24dee.pkl,1
d95728c70ba86ab1bf427933f30303983104a92f.pkl,1
8bcf78b303aac8ab3260afd9126b708c8a27b817.pkl,1
fecc07c144c85f756b3af1a076feb702f5f91c5b.pkl,1
2b5bc4d300ac4356f79009d026386d84e76af82a.pkl,1
371e6cbd9c585960d10291effa5943cfb844c0aa.pkl,1
d6e403c9d2af30e705b1ed5bb13087dcf02552de.pkl,1
a7767500b7426f0f677307c817ab88fe8f2e2d21.pkl,1
dc7f097b26cfa14d10ddf2f37fa7ce1f7c9c6c13.pkl,1
99f9d060329bef81d3976c76ef0f6b38859bec9d.pkl,1
11634439965f6349d7d6ca41641b258d3cde4183.pkl,1
709ef1357b56c59e67b72708a2724be2be46f1e4.pkl,1
4899ef5c5c73dc27f03084317ee96f1d81b32d15.pkl,1
ad1c5036891aef216d9894933d693033209c998d.pkl,1
46e2ad75bcacb41f202a9b45fb79f992f3914091.pkl,1
01e67c4ea0a1698460e04171b22025260001db17.pkl,1
0816ff622b5c0e8ce3b1ed30ee6c69f045474d4c.pkl,1
e32aefe7901f824c761114aa0cd991a2846a56a8.pkl,1
374f172044609bc7f14e4dff67d5ed926b7cabe1.pkl,1
612d2b32ea2d14f7899793f7bda26287cb04abbe.pkl,1
1804f94a9be1bef7bf90086c474acea4cb4b4751.pkl,1
0e6d5375b13bfad7078f62708cfc2fb5fd5c797a.pkl,1
c283527d4967b50ba24030934bb71e170a52b923.pkl,1
06c8a6a5b33397d99a78b9401baa7ae798846d92.pkl,1
140551b3c275e34f0b260d6dccbb191ea6d80503.pkl,1
7260199ab28438d7860f461baca969798b46615b.pkl,1
056f180a756b4a04805f11ff6d3eb3e25d76f854.pkl,1
ddca04714c4e0b382aecb51840935def84a2615d.pkl,1
3352c5eaf38a97a7d27aff0d6b3549d9e95cb5ad.pkl,1
13e7b563e31c41a950ae61a2ca55ab57e4f8b7fc.pkl,1
11f0b255996480b94279992df77dcd186cfde39c.pkl,1
72cdfc56eb5abffbd93f9d326c989be60b922fb6.pkl,1
8caaab2b0a2a479572335de8a386c013b895dd70.pkl,1
0ed753243fa5dc0641c3381a54f54932ec289248.pkl,1
2b7238fb701dc44512e76a880ced3fb15f3a1922.pkl,1
752f1a08ceca1e91025204fa456986d4b18df2ca.pkl,1
235cc5c9d742ccbc703642f9f932772a4e5a103b.pkl,1
082f3dd37a8a6e0d9de9314ebfc034597ea3383e.pkl,1
ec45ed262f309dac020f39fcdd66d72c9a1c5504.pkl,1
9bb9849f51377d42b87584e0079407f15f24b1e7.pkl,1
2f07fe3cee52fa24169150eb124dd22439f55d15.pkl,1
8b6617f47239b2fc7ffe554cfb20365ebff356d4.pkl,1
3ccce066983ebc203df07630666c370de3ccb484.pkl,1
7843dece3aa6ba0342543f4b5eafa1432a4658de.pkl,1
52e21d2fcc523fda0946bdd1a31121b1f877ac29.pkl,1
e030623d131e5191d9c78f370d523de44083c5e6.pkl,1
394de6d60152113c64ee5e80d3477d1d3633bec6.pkl,1
ccac9c0fe4d929126fbe7a1d982744a4a8c608a6.pkl,1
2fc76981c8a3f31371a553756bfd562c0126c870.pkl,1
b3306e694ec73f03c4b1480d874b8a80c910b7f4.pkl,1
9cd7bb5f0b4363db4271fefe08f6bd217b371df8.pkl,1
6522d87199d2ceda055fb338a73aa567cefed1c7.pkl,1
d9efeee9c46b2430ff0c4e9ab704f0e65f633127.pkl,1
21606c1ddce42a2883b6a4b3207d6e23422a51c4.pkl,1
f5a6da30601dda1cad99a99d1e0b5bae273c1089.pkl,1
82c3a87182cfe6dcb0f6dbe959829a8d8a0779c2.pkl,1
30fc8b8c7260a7e0e53059c42e71375d46062f18.pkl,1
345bdcbff4522ddd9fbef014314aa2fe32ac8e2b.pkl,1
4c010100611a83b0c76ab268dba34671985e521c.pkl,1
f429d5d549c2dd96b0e4fd624a43a19027850509.pkl,1
16ee0f3d7806d824cc902d2170a43aa9cde91636.pkl,1
e758d393bb5e5ae63e10f5053604cc9750616ddd.pkl,1
a4f616bfe1970529177c507751d5701363e3f9d2.pkl,1
812758c15efca3290320fedf9a43a87ce590d726.pkl,1
8d17a8c9cd70c5be2a48bdd592a843c6bf96d3fc.pkl,1
a54fe6b9b8501e8963b56cd61171eaf1a5cf0ecb.pkl,1
7a796fac757852c6288615998855f886e073ad59.pkl,1
e804f54a29c95ba830d42f054dec6ddb76c13bf4.pkl,1
8e785f3c42ffcdf838acb6ee50a178ffa3664599.pkl,1
829290bfe83ce3d64bdf89363d76e676ac28e9e6.pkl,1
db17f097b3472299de5546b5d1f57cefc8caf8c7.pkl,1
69b18f34a17fd298c31fe36e010304e5560e07b6.pkl,1
d808f01b42110f1eaf43f5d163c4ba88d2107388.pkl,1
f07b3df5c9642e8700d48f249a20f96467fc5ed8.pkl,1
f11b683f4b1ebb7509543c7018d38c2ad40cca27.pkl,1
18acb1dedc02d86d7f4be6f43fd82d738f509c67.pkl,1
5f5fa55c7b4c424cd505a3f6f3097d0917972147.pkl,1
0cc04d3df55f057bad3b613ca09c72e1f9e90705.pkl,1
8576df8341cea01270577f4abfdffccf2f53caa4.pkl,1
d52d01202b69f3ae15dd0a889fa4e90d836a2d02.pkl,1
fe71a507f360ff9b6aa673e672f5606e5e118111.pkl,1
759055db22fe46b51537cf85e1278ff1497ee2f1.pkl,1
9918c63091cf2f9a581ff727081824fb721a018f.pkl,1
f680bc5ee7f57dc2ca44127f09ab9a3f9257f13c.pkl,1
22f7fec76ce7f81a0b52875c8e3beb38c66e5506.pkl,1
468dddaa09d40d8da84866910cea008871dde9ca.pkl,1
ad49341aa2462b0371b61532030baefccafaa080.pkl,1
8bca4c57b133cd0950c388ca9736853a833599b6.pkl,1
ad2d657a67924f3e24ad7c0f5b1e55241ccc5414.pkl,1
2d32e1aacdbccb2b2ad56e976c9586e603d5d4e3.pkl,1
2a2e438053ee31d761d6ad08e8840061db95c01d.pkl,1
f0a7773999e726abdcf06ed75607b728ad7cf32c.pkl,1
46016039a2bb91e6708bb639515838b11052e2db.pkl,1
e2ff8c4f9c3507f619385db43f08097933939621.pkl,1
6987153bd0f92445ed87a0e526ccf9152102c922.pkl,1
f61fc2ce69df46565f4fdccfcb6439f4c3dd4790.pkl,1
97c359d242f200cf2119cd4a868788e16a7ec7e8.pkl,1
457c59a6297ccc3c2c815bf7d6562e6bb52d7338.pkl,1
32d35b00a66821c338a829402710110cb246ddbf.pkl,1
ff617efce51cc370b053cbc712d2db3b172c5bdc.pkl,1
b9ed059626e48a6173e61ce0e3c32f60f807b8fc.pkl,1
f24bbc56474f9b3e89a1d5829ca99182106b50db.pkl,1
0a58ee729ce90af0896574952834904f920c8e4a.pkl,1
a2eebbb3d89aa10ce1f593dbe88a0c59c327ae89.pkl,1
4ece4dc0fa532c899530a74c1330391d83063a99.pkl,1
4c84416076c4872f98ea0612c32ba8d3acd56676.pkl,1
d65ab225f30b7eccde23e91f5282843d308392b6.pkl,1
8410191a9683bcca4d51630f996e4f1ce72db5c0.pkl,1
a007674eac2db76962140d6fb69f3dca8414cb35.pkl,1
3bddb84cb8741005bf33dc22f123be55880c6af6.pkl,1
d184bec29fa5a3a039bfcbac726ececdbe08e831.pkl,1
0993b38046b33d30f83fe7215930fc114b451120.pkl,1
2e541fff4dffb062a46aa3a027190a7d6fee2fe9.pkl,1
ac589a2120c66768365cd0c31eb6529202d5a084.pkl,1
8c552488a52d916304df96a196cbe8a130b80d06.pkl,1
65eb10c9f51242125c1cb060e420bfe13ac29a46.pkl,1
3aa0354c18384b6587ac3dd6b9ec04e9bd44cc21.pkl,1
9998b7cf9d3f38746b15846f0efb36588105d58b.pkl,1
db1c1b169f415b5ad8f0ac70450e57b2554c324e.pkl,1
0846d069299cd9768a5a34df23c8c4545829ff1c.pkl,1
5b91eea8c24cc02996d1c5a41c0a2b88bb624d68.pkl,1
514f18a5f8faafc6b50f4355d86b7408e3cb177b.pkl,1
072452026b94494a661c55aa4935ad6ee01d20a5.pkl,1
e032cb01d099f8618c8901d069baca4b5e74068d.pkl,1
3fb0d5b8601056767b46a752b4be8d3b1aae55f3.pkl,1
a1bdbb5a613c3fec614f23443dde26bcfdf59afd.pkl,1
32584c03434b03eee9d73b0d48d530581f9d3e5e.pkl,1
a654631101580e265f80001b8fd24b2b9470bb53.pkl,1
dfe5023196803b6b93970597ba61719611ba8098.pkl,1
3d9fa25d3f8119a6c8b9120d6fa80d8c879ab804.pkl,1
c417677c81238edb8f95c53d2500906d1671b7be.pkl,1
e8f853c57b1333502ca8c1f014c9a2a9fa75855a.pkl,1
a2d2b45436d5ce21d64bed9b0654dc2718467f9e.pkl,1
b3ae5a7c05cfcf9c06e5d4d3bef11d698f73506d.pkl,1
7e002f7d109379c9c142911252e34beedbf18719.pkl,1
2f72736fbd5989c6478e35a5f7b9150783355d1d.pkl,1
869a3255dec1db4d07dc48a45ae76261ab75084f.pkl,1
a723426dceb4daede32f18aa7dbeaeb54c38d7a2.pkl,1
96cc402f5379613e0247ef84e2e16d9f8bb9d75a.pkl,1
70edef4197056877d3fd6fe482652a079f680b18.pkl,1
3783dd2604001fbb03cf6f8631ed8135f059d994.pkl,1
b2a1ab37cb0b59c7c212f815a39828a229dd15f5.pkl,1
3fbb0a8f7ed0a087b18f109dd6dac86ca85cc4d9.pkl,1
f815c8ee6f78438eb4171fcac69ec6ae5390d17a.pkl,1
e7c319082b8f3b898117597ea48258e05cc39260.pkl,1
cae4c45b2c074630e1cb738b81a526e699ebeeb8.pkl,1
1d04fdeeda0aa167c9b9865db1b022bf455ecf0b.pkl,1
d0c0bcbf4b847105e0a4ecf19c7c652a53cb4df0.pkl,1
14bbfeac22889d7b92182c03b05dffefa0c03c7f.pkl,1
8cdd3fa4f6aea99fd789e754d67a1b5cbdd3c233.pkl,1
009bfb21e7d8240ba54c9fdb23fe7a6516537f13.pkl,1
0a4f160e650a69ef57aa94e89c6ad528a931ba81.pkl,1
6ead30a16f63a1e492fd14542c09b6689ffeea11.pkl,1
f36519917d569afa4826ef2750d495daeba4694d.pkl,1
62ebaf7d33f1119ab038c482172775c152980fb2.pkl,1
819fea026e62625abc148bbaf2032bddc5f59a5f.pkl,1
c298e91250d5df7967a32eacdcae9e9ea42f7314.pkl,1
03278b976b9a18a1c30865c46cd6ee55139aae25.pkl,1
93a8ae02032fae928ad5e0801c460cee8b71da83.pkl,1
72d5776b1aadeed240d814746fc37aaca5cd1ad7.pkl,1
9393925790c57087067f923e2e01714e8ad27740.pkl,1
c43463cc50f363bdbf71bfddf8b6d532702a6de3.pkl,1
7aed666af3438c931d191f9f1119076ac522ed03.pkl,1
8f781540b1a3ab4bdb0053639e0be0ca777ca2db.pkl,1
4ad3189f105544050a03ce0d09f18c6572169551.pkl,1
066caeccfd82d803b1abbdfc8249787f1238bce5.pkl,1
c660d19a59a55ce0ba323de8e693841f56ef4b86.pkl,1
d0ed98f966cdff1e5c3cb023e0584dd304f4b76a.pkl,1
5017a3b9dd6bb238c6f9831fe49418ebb1f6b3ae.pkl,1
c628d73c212d855ae0f84a8b14507e6805868134.pkl,1
6417992a06b42b5dffc6a8e282816325c92da23d.pkl,1
72f8d9b8713ecbe1e3ee1c10a586e49d0e83041a.pkl,1
a73e6a1104c9d8cff27396a01204e4e02a4801b4.pkl,1
ba8fb91cb68565cc6d0dcc0656a4fdc3c40cc496.pkl,1
e15f19f983818b4a1f1605d9dcc8716deb70808c.pkl,1
0d8ee86dceb30ecbaaae2c079d1d265c1c5f1fba.pkl,1
33fe58cfab066ce3c868ac4b4e4c8d0f224d9811.pkl,1
2c506c4b9978f64426e2908d3adc78e3c486c65c.pkl,1
558cd917d4bece45b227d4d19a02626e55bc1d2c.pkl,1
6b32b0ef589053bf9ba7427998c1f4ba8e9751a9.pkl,1
a0c037e9ed26a70dd6ce0f4cba5064d60512781c.pkl,1
c58f43584efd9716ca7b05a93de5e7c1e025f2d5.pkl,1
5fd23bc7c9bb4aaddbd26f405ae68c0cd6a3abb3.pkl,1
8d727dddeacbdbe29dbbd92bdaa0ad154c0ded05.pkl,1
1e7f449416f2f3588bd465b2c5af2c6d8f2493bd.pkl,1
44c63ff95cb194e396a7fe3504f37be78f89c7fe.pkl,1
a4d5cf81f2296f8bd913cf1fd0e45d09c3d2bb91.pkl,1
7fb8a6ba8e4f81c6757f4d57abb721267f0d9e94.pkl,1
6fcb68501d55bd1c00d939d8890100bc06514709.pkl,1
ffbc9b6aaf5b99a70079cbb04c96c8df5c0f7b8b.pkl,1
ca6be5e56d104d1a98124c227a7debec3f4a485b.pkl,1
0fc5cd1a4d79ce2562990bb7f6d065f7f0f552ca.pkl,1
fe4a7504e72cbc7aedfd79ced73c350bc00b3dc7.pkl,1
5abe4b7b04c69914f23c7bdef6e7638db17b8a43.pkl,1
21e9bb25757a16d696111b8b96197b4a27348854.pkl,1
f152483947d6174a6de042c9f02a71decd139359.pkl,1
b7eb46fb440d2988679de934e8314cd79376409b.pkl,1
012811fa4dd3f2523849cd80fc36f493bf2c2508.pkl,1
7ad4ec9908077f0b8cb3cc6bdcd9727b7b521c92.pkl,1
b38e9573f4ed5ae3176dd937c96674f0b941b9ec.pkl,1
30154b2dca5fa94a87cc54061f67e0724540d3ba.pkl,1
20c136b302e3156372e02ef2318f845e5325fd69.pkl,1
bca6ef416acebbdd5be1e7d2e1376ecc2efdc977.pkl,1
19925fbc2b971bb21d9cad1b042f6657d51affca.pkl,1
ff497be70d1b2a582b7fa54f9f1ce769ab1f874d.pkl,1
0a5b3966489e990b04ba1ce07ba7e78de3ed4d65.pkl,1
71ddd629eac6373d932ed6dd5816d17302fc4969.pkl,1
a786af795d302bc57e0aa79d25407ef4028b019f.pkl,1
d4f1f38e0fe7793fec6e6fd34d75edd99357933d.pkl,1
2cf1db427d88d8b798d772e107e10f49d0a2a8f8.pkl,1
b53fec6fd8466cd21e7a8159829757d7871944b6.pkl,1
138925ead81749218080ca34d171f0d6f08589fc.pkl,1
658b89d25e545a924ca7c93431a3d0c9e082026d.pkl,1
5e13dd2c70e3b55a9ab6d06d1db1f544e38db3fa.pkl,1
eda7ab02d0e2f4632fd76673a73603fcffce6d47.pkl,1
753ebce6fb923a9f73a2910b20d74a5403a44574.pkl,1
0041614cc3ac7c037fa6a1827e14cb6cbf239093.pkl,1
141bc2bcbac01ca1ccd9b9943ebe31a64bb90411.pkl,1
d5d0fa845a2db347edab2c5815b8c0d692df7f88.pkl,1
4d7b60b32b9d0b35e3c68f33835fa961febc00a1.pkl,1
e9a744dc82e61375d18e825af2bd4fcf74c8a849.pkl,1
58e3b7bdd86aa7ecb49de2aec758bb873aec0893.pkl,1
10e39e6a8af9562a595424bbb670e34bd9bfee08.pkl,1
41427caef2656e5116a84f0f5efdfae245205898.pkl,1
d2c033f8217fbc7ad139eeec2eb374bfb6e33598.pkl,1
96b33c44e1fc2a9fadcbed9a63b1d262ebf79671.pkl,1
461952ae432acdcadbdbedc73d0aabd31a36450a.pkl,1
90364af7456dae620a4892cfcaece3803e360618.pkl,1
6d220ea6037e46d98f185343a8e93861482001c1.pkl,1
c7e000aa9f097792b4e8b77004059b0fb76fd751.pkl,1
40381a0c2520fb78327c91aef615abacb068f7a9.pkl,1
a6dae276d1c2895f376dbac66451d90c81ea6183.pkl,1
1c7884a4a3feded5abae28d1bca459085fac6967.pkl,1
1432716f2d1c12a76e1785666eae123f29de2472.pkl,1
08db38314cd7b1065e4efb1fff39b8fe3f22a1be.pkl,1
95dbc75d3315c5cb3ad8c2b3db7dcde94046ae59.pkl,1
ccff60649f7fb586d48deb8f7b8e9e322786c14e.pkl,1
6d8fad2c14f6244a96c4de0dc8ae122320b1de80.pkl,1
6e16ab87f4e4aa3f9aab826afdc37ccdb32c52d5.pkl,1
2c2570ea18694c42caa3550c35ed5a4616339c9a.pkl,1
068de6f1079f1cf1cd7da16180fb1ceb90fdc7d0.pkl,1
7bbe743f4cb270820c41498725952df69806256a.pkl,1
eed5fe5697f6f6261d6c6bda6cae289d4412936a.pkl,1
458e870cb14c9cdb7b3799374a362b81464d3f68.pkl,1
26990d5747ae99f183de78e9c13edd6adca6d60a.pkl,1
c8500b884ea78befefecdd22a9dfa7fa22044f79.pkl,1
1fb3d2f3a3468c703d17b32cd53eb826ced699f4.pkl,1
4cba7f8d8102c734490f68c4cf2b670ab4f09773.pkl,1
c47d1fcb6b4bb2fe02804a25849e4c3b7f147338.pkl,1
0ac4108abe64024e20ac5d1ba045744b5da312c7.pkl,1
b55da59dcf2ef9a0680453ee8e9d46939a6e72eb.pkl,1
ee4507a3e8f8feaf90a8a4e1f067437b23942df8.pkl,1
